[2025-04-12 13:39:47] local.ERROR: Target class [Fruitcake\Cors\HandleCors] does not exist. {"exception":"[object] (Illuminate\\Contracts\\Container\\BindingResolutionException(code: 0): Target class [Fruitcake\\Cors\\HandleCors] does not exist. at D:\\laravel\\BTN-PTUDMNM-tcdt\\vendor\\laravel\\framework\\src\\Illuminate\\Container\\Container.php:879)
[stacktrace]
#0 D:\\laravel\\BTN-PTUDMNM-tcdt\\vendor\\laravel\\framework\\src\\Illuminate\\Container\\Container.php(758): Illuminate\\Container\\Container->build('Fruitcake\\\\Cors\\\\...')
#1 D:\\laravel\\BTN-PTUDMNM-tcdt\\vendor\\laravel\\framework\\src\\Illuminate\\Foundation\\Application.php(853): Illuminate\\Container\\Container->resolve('Fruitcake\\\\Cors\\\\...', Array, true)
#2 D:\\laravel\\BTN-PTUDMNM-tcdt\\vendor\\laravel\\framework\\src\\Illuminate\\Container\\Container.php(694): Illuminate\\Foundation\\Application->resolve('Fruitcake\\\\Cors\\\\...', Array)
#3 D:\\laravel\\BTN-PTUDMNM-tcdt\\vendor\\laravel\\framework\\src\\Illuminate\\Foundation\\Application.php(838): Illuminate\\Container\\Container->make('Fruitcake\\\\Cors\\\\...', Array)
#4 D:\\laravel\\BTN-PTUDMNM-tcdt\\vendor\\laravel\\framework\\src\\Illuminate\\Pipeline\\Pipeline.php(156): Illuminate\\Foundation\\Application->make('Fruitcake\\\\Cors\\\\...')
#5 D:\\laravel\\BTN-PTUDMNM-tcdt\\vendor\\laravel\\framework\\src\\Illuminate\\Http\\Middleware\\TrustProxies.php(39): Illuminate\\Pipeline\\Pipeline->Illuminate\\Pipeline\\{closure}(Object(Illuminate\\Http\\Request))
#6 D:\\laravel\\BTN-PTUDMNM-tcdt\\vendor\\laravel\\framework\\src\\Illuminate\\Pipeline\\Pipeline.php(167): Illuminate\\Http\\Middleware\\TrustProxies->handle(Object(Illuminate\\Http\\Request), Object(Closure))
#7 D:\\laravel\\BTN-PTUDMNM-tcdt\\vendor\\laravel\\framework\\src\\Illuminate\\Pipeline\\Pipeline.php(103): Illuminate\\Pipeline\\Pipeline->Illuminate\\Pipeline\\{closure}(Object(Illuminate\\Http\\Request))
#8 D:\\laravel\\BTN-PTUDMNM-tcdt\\vendor\\laravel\\framework\\src\\Illuminate\\Foundation\\Http\\Kernel.php(142): Illuminate\\Pipeline\\Pipeline->then(Object(Closure))
#9 D:\\laravel\\BTN-PTUDMNM-tcdt\\vendor\\laravel\\framework\\src\\Illuminate\\Foundation\\Http\\Kernel.php(111): Illuminate\\Foundation\\Http\\Kernel->sendRequestThroughRouter(Object(Illuminate\\Http\\Request))
#10 D:\\laravel\\BTN-PTUDMNM-tcdt\\public\\index.php(51): Illuminate\\Foundation\\Http\\Kernel->handle(Object(Illuminate\\Http\\Request))
#11 D:\\laravel\\BTN-PTUDMNM-tcdt\\server.php(21): require_once('D:\\\\laravel\\\\BTN-...')
#12 {main}

[previous exception] [object] (ReflectionException(code: -1): Class \"Fruitcake\\Cors\\HandleCors\" does not exist at D:\\laravel\\BTN-PTUDMNM-tcdt\\vendor\\laravel\\framework\\src\\Illuminate\\Container\\Container.php:877)
[stacktrace]
#0 D:\\laravel\\BTN-PTUDMNM-tcdt\\vendor\\laravel\\framework\\src\\Illuminate\\Container\\Container.php(877): ReflectionClass->__construct('Fruitcake\\\\Cors\\\\...')
#1 D:\\laravel\\BTN-PTUDMNM-tcdt\\vendor\\laravel\\framework\\src\\Illuminate\\Container\\Container.php(758): Illuminate\\Container\\Container->build('Fruitcake\\\\Cors\\\\...')
#2 D:\\laravel\\BTN-PTUDMNM-tcdt\\vendor\\laravel\\framework\\src\\Illuminate\\Foundation\\Application.php(853): Illuminate\\Container\\Container->resolve('Fruitcake\\\\Cors\\\\...', Array, true)
#3 D:\\laravel\\BTN-PTUDMNM-tcdt\\vendor\\laravel\\framework\\src\\Illuminate\\Container\\Container.php(694): Illuminate\\Foundation\\Application->resolve('Fruitcake\\\\Cors\\\\...', Array)
#4 D:\\laravel\\BTN-PTUDMNM-tcdt\\vendor\\laravel\\framework\\src\\Illuminate\\Foundation\\Application.php(838): Illuminate\\Container\\Container->make('Fruitcake\\\\Cors\\\\...', Array)
#5 D:\\laravel\\BTN-PTUDMNM-tcdt\\vendor\\laravel\\framework\\src\\Illuminate\\Pipeline\\Pipeline.php(156): Illuminate\\Foundation\\Application->make('Fruitcake\\\\Cors\\\\...')
#6 D:\\laravel\\BTN-PTUDMNM-tcdt\\vendor\\laravel\\framework\\src\\Illuminate\\Http\\Middleware\\TrustProxies.php(39): Illuminate\\Pipeline\\Pipeline->Illuminate\\Pipeline\\{closure}(Object(Illuminate\\Http\\Request))
#7 D:\\laravel\\BTN-PTUDMNM-tcdt\\vendor\\laravel\\framework\\src\\Illuminate\\Pipeline\\Pipeline.php(167): Illuminate\\Http\\Middleware\\TrustProxies->handle(Object(Illuminate\\Http\\Request), Object(Closure))
#8 D:\\laravel\\BTN-PTUDMNM-tcdt\\vendor\\laravel\\framework\\src\\Illuminate\\Pipeline\\Pipeline.php(103): Illuminate\\Pipeline\\Pipeline->Illuminate\\Pipeline\\{closure}(Object(Illuminate\\Http\\Request))
#9 D:\\laravel\\BTN-PTUDMNM-tcdt\\vendor\\laravel\\framework\\src\\Illuminate\\Foundation\\Http\\Kernel.php(142): Illuminate\\Pipeline\\Pipeline->then(Object(Closure))
#10 D:\\laravel\\BTN-PTUDMNM-tcdt\\vendor\\laravel\\framework\\src\\Illuminate\\Foundation\\Http\\Kernel.php(111): Illuminate\\Foundation\\Http\\Kernel->sendRequestThroughRouter(Object(Illuminate\\Http\\Request))
#11 D:\\laravel\\BTN-PTUDMNM-tcdt\\public\\index.php(51): Illuminate\\Foundation\\Http\\Kernel->handle(Object(Illuminate\\Http\\Request))
#12 D:\\laravel\\BTN-PTUDMNM-tcdt\\server.php(21): require_once('D:\\\\laravel\\\\BTN-...')
#13 {main}
"} 
[2025-04-12 13:39:47] local.ERROR: Target class [Fruitcake\Cors\HandleCors] does not exist. {"exception":"[object] (Illuminate\\Contracts\\Container\\BindingResolutionException(code: 0): Target class [Fruitcake\\Cors\\HandleCors] does not exist. at D:\\laravel\\BTN-PTUDMNM-tcdt\\vendor\\laravel\\framework\\src\\Illuminate\\Container\\Container.php:879)
[stacktrace]
#0 D:\\laravel\\BTN-PTUDMNM-tcdt\\vendor\\laravel\\framework\\src\\Illuminate\\Container\\Container.php(758): Illuminate\\Container\\Container->build('Fruitcake\\\\Cors\\\\...')
#1 D:\\laravel\\BTN-PTUDMNM-tcdt\\vendor\\laravel\\framework\\src\\Illuminate\\Foundation\\Application.php(853): Illuminate\\Container\\Container->resolve('Fruitcake\\\\Cors\\\\...', Array, true)
#2 D:\\laravel\\BTN-PTUDMNM-tcdt\\vendor\\laravel\\framework\\src\\Illuminate\\Container\\Container.php(694): Illuminate\\Foundation\\Application->resolve('Fruitcake\\\\Cors\\\\...', Array)
#3 D:\\laravel\\BTN-PTUDMNM-tcdt\\vendor\\laravel\\framework\\src\\Illuminate\\Foundation\\Application.php(838): Illuminate\\Container\\Container->make('Fruitcake\\\\Cors\\\\...', Array)
#4 D:\\laravel\\BTN-PTUDMNM-tcdt\\vendor\\laravel\\framework\\src\\Illuminate\\Foundation\\Http\\Kernel.php(206): Illuminate\\Foundation\\Application->make('Fruitcake\\\\Cors\\\\...')
#5 D:\\laravel\\BTN-PTUDMNM-tcdt\\vendor\\laravel\\framework\\src\\Illuminate\\Foundation\\Http\\Kernel.php(180): Illuminate\\Foundation\\Http\\Kernel->terminateMiddleware(Object(Illuminate\\Http\\Request), Object(Illuminate\\Http\\Response))
#6 D:\\laravel\\BTN-PTUDMNM-tcdt\\public\\index.php(55): Illuminate\\Foundation\\Http\\Kernel->terminate(Object(Illuminate\\Http\\Request), Object(Illuminate\\Http\\Response))
#7 D:\\laravel\\BTN-PTUDMNM-tcdt\\server.php(21): require_once('D:\\\\laravel\\\\BTN-...')
#8 {main}

[previous exception] [object] (ReflectionException(code: -1): Class \"Fruitcake\\Cors\\HandleCors\" does not exist at D:\\laravel\\BTN-PTUDMNM-tcdt\\vendor\\laravel\\framework\\src\\Illuminate\\Container\\Container.php:877)
[stacktrace]
#0 D:\\laravel\\BTN-PTUDMNM-tcdt\\vendor\\laravel\\framework\\src\\Illuminate\\Container\\Container.php(877): ReflectionClass->__construct('Fruitcake\\\\Cors\\\\...')
#1 D:\\laravel\\BTN-PTUDMNM-tcdt\\vendor\\laravel\\framework\\src\\Illuminate\\Container\\Container.php(758): Illuminate\\Container\\Container->build('Fruitcake\\\\Cors\\\\...')
#2 D:\\laravel\\BTN-PTUDMNM-tcdt\\vendor\\laravel\\framework\\src\\Illuminate\\Foundation\\Application.php(853): Illuminate\\Container\\Container->resolve('Fruitcake\\\\Cors\\\\...', Array, true)
#3 D:\\laravel\\BTN-PTUDMNM-tcdt\\vendor\\laravel\\framework\\src\\Illuminate\\Container\\Container.php(694): Illuminate\\Foundation\\Application->resolve('Fruitcake\\\\Cors\\\\...', Array)
#4 D:\\laravel\\BTN-PTUDMNM-tcdt\\vendor\\laravel\\framework\\src\\Illuminate\\Foundation\\Application.php(838): Illuminate\\Container\\Container->make('Fruitcake\\\\Cors\\\\...', Array)
#5 D:\\laravel\\BTN-PTUDMNM-tcdt\\vendor\\laravel\\framework\\src\\Illuminate\\Foundation\\Http\\Kernel.php(206): Illuminate\\Foundation\\Application->make('Fruitcake\\\\Cors\\\\...')
#6 D:\\laravel\\BTN-PTUDMNM-tcdt\\vendor\\laravel\\framework\\src\\Illuminate\\Foundation\\Http\\Kernel.php(180): Illuminate\\Foundation\\Http\\Kernel->terminateMiddleware(Object(Illuminate\\Http\\Request), Object(Illuminate\\Http\\Response))
#7 D:\\laravel\\BTN-PTUDMNM-tcdt\\public\\index.php(55): Illuminate\\Foundation\\Http\\Kernel->terminate(Object(Illuminate\\Http\\Request), Object(Illuminate\\Http\\Response))
#8 D:\\laravel\\BTN-PTUDMNM-tcdt\\server.php(21): require_once('D:\\\\laravel\\\\BTN-...')
#9 {main}
"} 
[2025-04-12 20:47:37] local.ERROR: Target class [Fruitcake\Cors\HandleCors] does not exist. {"exception":"[object] (Illuminate\\Contracts\\Container\\BindingResolutionException(code: 0): Target class [Fruitcake\\Cors\\HandleCors] does not exist. at D:\\laravel\\BTN-PTUDMNM-tcdt\\vendor\\laravel\\framework\\src\\Illuminate\\Container\\Container.php:879)
[stacktrace]
#0 D:\\laravel\\BTN-PTUDMNM-tcdt\\vendor\\laravel\\framework\\src\\Illuminate\\Container\\Container.php(758): Illuminate\\Container\\Container->build('Fruitcake\\\\Cors\\\\...')
#1 D:\\laravel\\BTN-PTUDMNM-tcdt\\vendor\\laravel\\framework\\src\\Illuminate\\Foundation\\Application.php(853): Illuminate\\Container\\Container->resolve('Fruitcake\\\\Cors\\\\...', Array, true)
#2 D:\\laravel\\BTN-PTUDMNM-tcdt\\vendor\\laravel\\framework\\src\\Illuminate\\Container\\Container.php(694): Illuminate\\Foundation\\Application->resolve('Fruitcake\\\\Cors\\\\...', Array)
#3 D:\\laravel\\BTN-PTUDMNM-tcdt\\vendor\\laravel\\framework\\src\\Illuminate\\Foundation\\Application.php(838): Illuminate\\Container\\Container->make('Fruitcake\\\\Cors\\\\...', Array)
#4 D:\\laravel\\BTN-PTUDMNM-tcdt\\vendor\\laravel\\framework\\src\\Illuminate\\Pipeline\\Pipeline.php(156): Illuminate\\Foundation\\Application->make('Fruitcake\\\\Cors\\\\...')
#5 D:\\laravel\\BTN-PTUDMNM-tcdt\\vendor\\laravel\\framework\\src\\Illuminate\\Http\\Middleware\\TrustProxies.php(39): Illuminate\\Pipeline\\Pipeline->Illuminate\\Pipeline\\{closure}(Object(Illuminate\\Http\\Request))
#6 D:\\laravel\\BTN-PTUDMNM-tcdt\\vendor\\laravel\\framework\\src\\Illuminate\\Pipeline\\Pipeline.php(167): Illuminate\\Http\\Middleware\\TrustProxies->handle(Object(Illuminate\\Http\\Request), Object(Closure))
#7 D:\\laravel\\BTN-PTUDMNM-tcdt\\vendor\\laravel\\framework\\src\\Illuminate\\Pipeline\\Pipeline.php(103): Illuminate\\Pipeline\\Pipeline->Illuminate\\Pipeline\\{closure}(Object(Illuminate\\Http\\Request))
#8 D:\\laravel\\BTN-PTUDMNM-tcdt\\vendor\\laravel\\framework\\src\\Illuminate\\Foundation\\Http\\Kernel.php(142): Illuminate\\Pipeline\\Pipeline->then(Object(Closure))
#9 D:\\laravel\\BTN-PTUDMNM-tcdt\\vendor\\laravel\\framework\\src\\Illuminate\\Foundation\\Http\\Kernel.php(111): Illuminate\\Foundation\\Http\\Kernel->sendRequestThroughRouter(Object(Illuminate\\Http\\Request))
#10 D:\\laravel\\BTN-PTUDMNM-tcdt\\public\\index.php(51): Illuminate\\Foundation\\Http\\Kernel->handle(Object(Illuminate\\Http\\Request))
#11 D:\\laravel\\BTN-PTUDMNM-tcdt\\server.php(21): require_once('D:\\\\laravel\\\\BTN-...')
#12 {main}

[previous exception] [object] (ReflectionException(code: -1): Class \"Fruitcake\\Cors\\HandleCors\" does not exist at D:\\laravel\\BTN-PTUDMNM-tcdt\\vendor\\laravel\\framework\\src\\Illuminate\\Container\\Container.php:877)
[stacktrace]
#0 D:\\laravel\\BTN-PTUDMNM-tcdt\\vendor\\laravel\\framework\\src\\Illuminate\\Container\\Container.php(877): ReflectionClass->__construct('Fruitcake\\\\Cors\\\\...')
#1 D:\\laravel\\BTN-PTUDMNM-tcdt\\vendor\\laravel\\framework\\src\\Illuminate\\Container\\Container.php(758): Illuminate\\Container\\Container->build('Fruitcake\\\\Cors\\\\...')
#2 D:\\laravel\\BTN-PTUDMNM-tcdt\\vendor\\laravel\\framework\\src\\Illuminate\\Foundation\\Application.php(853): Illuminate\\Container\\Container->resolve('Fruitcake\\\\Cors\\\\...', Array, true)
#3 D:\\laravel\\BTN-PTUDMNM-tcdt\\vendor\\laravel\\framework\\src\\Illuminate\\Container\\Container.php(694): Illuminate\\Foundation\\Application->resolve('Fruitcake\\\\Cors\\\\...', Array)
#4 D:\\laravel\\BTN-PTUDMNM-tcdt\\vendor\\laravel\\framework\\src\\Illuminate\\Foundation\\Application.php(838): Illuminate\\Container\\Container->make('Fruitcake\\\\Cors\\\\...', Array)
#5 D:\\laravel\\BTN-PTUDMNM-tcdt\\vendor\\laravel\\framework\\src\\Illuminate\\Pipeline\\Pipeline.php(156): Illuminate\\Foundation\\Application->make('Fruitcake\\\\Cors\\\\...')
#6 D:\\laravel\\BTN-PTUDMNM-tcdt\\vendor\\laravel\\framework\\src\\Illuminate\\Http\\Middleware\\TrustProxies.php(39): Illuminate\\Pipeline\\Pipeline->Illuminate\\Pipeline\\{closure}(Object(Illuminate\\Http\\Request))
#7 D:\\laravel\\BTN-PTUDMNM-tcdt\\vendor\\laravel\\framework\\src\\Illuminate\\Pipeline\\Pipeline.php(167): Illuminate\\Http\\Middleware\\TrustProxies->handle(Object(Illuminate\\Http\\Request), Object(Closure))
#8 D:\\laravel\\BTN-PTUDMNM-tcdt\\vendor\\laravel\\framework\\src\\Illuminate\\Pipeline\\Pipeline.php(103): Illuminate\\Pipeline\\Pipeline->Illuminate\\Pipeline\\{closure}(Object(Illuminate\\Http\\Request))
#9 D:\\laravel\\BTN-PTUDMNM-tcdt\\vendor\\laravel\\framework\\src\\Illuminate\\Foundation\\Http\\Kernel.php(142): Illuminate\\Pipeline\\Pipeline->then(Object(Closure))
#10 D:\\laravel\\BTN-PTUDMNM-tcdt\\vendor\\laravel\\framework\\src\\Illuminate\\Foundation\\Http\\Kernel.php(111): Illuminate\\Foundation\\Http\\Kernel->sendRequestThroughRouter(Object(Illuminate\\Http\\Request))
#11 D:\\laravel\\BTN-PTUDMNM-tcdt\\public\\index.php(51): Illuminate\\Foundation\\Http\\Kernel->handle(Object(Illuminate\\Http\\Request))
#12 D:\\laravel\\BTN-PTUDMNM-tcdt\\server.php(21): require_once('D:\\\\laravel\\\\BTN-...')
#13 {main}
"} 
[2025-04-12 20:47:37] local.ERROR: Target class [Fruitcake\Cors\HandleCors] does not exist. {"exception":"[object] (Illuminate\\Contracts\\Container\\BindingResolutionException(code: 0): Target class [Fruitcake\\Cors\\HandleCors] does not exist. at D:\\laravel\\BTN-PTUDMNM-tcdt\\vendor\\laravel\\framework\\src\\Illuminate\\Container\\Container.php:879)
[stacktrace]
#0 D:\\laravel\\BTN-PTUDMNM-tcdt\\vendor\\laravel\\framework\\src\\Illuminate\\Container\\Container.php(758): Illuminate\\Container\\Container->build('Fruitcake\\\\Cors\\\\...')
#1 D:\\laravel\\BTN-PTUDMNM-tcdt\\vendor\\laravel\\framework\\src\\Illuminate\\Foundation\\Application.php(853): Illuminate\\Container\\Container->resolve('Fruitcake\\\\Cors\\\\...', Array, true)
#2 D:\\laravel\\BTN-PTUDMNM-tcdt\\vendor\\laravel\\framework\\src\\Illuminate\\Container\\Container.php(694): Illuminate\\Foundation\\Application->resolve('Fruitcake\\\\Cors\\\\...', Array)
#3 D:\\laravel\\BTN-PTUDMNM-tcdt\\vendor\\laravel\\framework\\src\\Illuminate\\Foundation\\Application.php(838): Illuminate\\Container\\Container->make('Fruitcake\\\\Cors\\\\...', Array)
#4 D:\\laravel\\BTN-PTUDMNM-tcdt\\vendor\\laravel\\framework\\src\\Illuminate\\Foundation\\Http\\Kernel.php(206): Illuminate\\Foundation\\Application->make('Fruitcake\\\\Cors\\\\...')
#5 D:\\laravel\\BTN-PTUDMNM-tcdt\\vendor\\laravel\\framework\\src\\Illuminate\\Foundation\\Http\\Kernel.php(180): Illuminate\\Foundation\\Http\\Kernel->terminateMiddleware(Object(Illuminate\\Http\\Request), Object(Illuminate\\Http\\Response))
#6 D:\\laravel\\BTN-PTUDMNM-tcdt\\public\\index.php(55): Illuminate\\Foundation\\Http\\Kernel->terminate(Object(Illuminate\\Http\\Request), Object(Illuminate\\Http\\Response))
#7 D:\\laravel\\BTN-PTUDMNM-tcdt\\server.php(21): require_once('D:\\\\laravel\\\\BTN-...')
#8 {main}

[previous exception] [object] (ReflectionException(code: -1): Class \"Fruitcake\\Cors\\HandleCors\" does not exist at D:\\laravel\\BTN-PTUDMNM-tcdt\\vendor\\laravel\\framework\\src\\Illuminate\\Container\\Container.php:877)
[stacktrace]
#0 D:\\laravel\\BTN-PTUDMNM-tcdt\\vendor\\laravel\\framework\\src\\Illuminate\\Container\\Container.php(877): ReflectionClass->__construct('Fruitcake\\\\Cors\\\\...')
#1 D:\\laravel\\BTN-PTUDMNM-tcdt\\vendor\\laravel\\framework\\src\\Illuminate\\Container\\Container.php(758): Illuminate\\Container\\Container->build('Fruitcake\\\\Cors\\\\...')
#2 D:\\laravel\\BTN-PTUDMNM-tcdt\\vendor\\laravel\\framework\\src\\Illuminate\\Foundation\\Application.php(853): Illuminate\\Container\\Container->resolve('Fruitcake\\\\Cors\\\\...', Array, true)
#3 D:\\laravel\\BTN-PTUDMNM-tcdt\\vendor\\laravel\\framework\\src\\Illuminate\\Container\\Container.php(694): Illuminate\\Foundation\\Application->resolve('Fruitcake\\\\Cors\\\\...', Array)
#4 D:\\laravel\\BTN-PTUDMNM-tcdt\\vendor\\laravel\\framework\\src\\Illuminate\\Foundation\\Application.php(838): Illuminate\\Container\\Container->make('Fruitcake\\\\Cors\\\\...', Array)
#5 D:\\laravel\\BTN-PTUDMNM-tcdt\\vendor\\laravel\\framework\\src\\Illuminate\\Foundation\\Http\\Kernel.php(206): Illuminate\\Foundation\\Application->make('Fruitcake\\\\Cors\\\\...')
#6 D:\\laravel\\BTN-PTUDMNM-tcdt\\vendor\\laravel\\framework\\src\\Illuminate\\Foundation\\Http\\Kernel.php(180): Illuminate\\Foundation\\Http\\Kernel->terminateMiddleware(Object(Illuminate\\Http\\Request), Object(Illuminate\\Http\\Response))
#7 D:\\laravel\\BTN-PTUDMNM-tcdt\\public\\index.php(55): Illuminate\\Foundation\\Http\\Kernel->terminate(Object(Illuminate\\Http\\Request), Object(Illuminate\\Http\\Response))
#8 D:\\laravel\\BTN-PTUDMNM-tcdt\\server.php(21): require_once('D:\\\\laravel\\\\BTN-...')
#9 {main}
"} 
[2025-04-12 20:47:43] local.ERROR: Target class [Fruitcake\Cors\HandleCors] does not exist. {"exception":"[object] (Illuminate\\Contracts\\Container\\BindingResolutionException(code: 0): Target class [Fruitcake\\Cors\\HandleCors] does not exist. at D:\\laravel\\BTN-PTUDMNM-tcdt\\vendor\\laravel\\framework\\src\\Illuminate\\Container\\Container.php:879)
[stacktrace]
#0 D:\\laravel\\BTN-PTUDMNM-tcdt\\vendor\\laravel\\framework\\src\\Illuminate\\Container\\Container.php(758): Illuminate\\Container\\Container->build('Fruitcake\\\\Cors\\\\...')
#1 D:\\laravel\\BTN-PTUDMNM-tcdt\\vendor\\laravel\\framework\\src\\Illuminate\\Foundation\\Application.php(853): Illuminate\\Container\\Container->resolve('Fruitcake\\\\Cors\\\\...', Array, true)
#2 D:\\laravel\\BTN-PTUDMNM-tcdt\\vendor\\laravel\\framework\\src\\Illuminate\\Container\\Container.php(694): Illuminate\\Foundation\\Application->resolve('Fruitcake\\\\Cors\\\\...', Array)
#3 D:\\laravel\\BTN-PTUDMNM-tcdt\\vendor\\laravel\\framework\\src\\Illuminate\\Foundation\\Application.php(838): Illuminate\\Container\\Container->make('Fruitcake\\\\Cors\\\\...', Array)
#4 D:\\laravel\\BTN-PTUDMNM-tcdt\\vendor\\laravel\\framework\\src\\Illuminate\\Pipeline\\Pipeline.php(156): Illuminate\\Foundation\\Application->make('Fruitcake\\\\Cors\\\\...')
#5 D:\\laravel\\BTN-PTUDMNM-tcdt\\vendor\\laravel\\framework\\src\\Illuminate\\Http\\Middleware\\TrustProxies.php(39): Illuminate\\Pipeline\\Pipeline->Illuminate\\Pipeline\\{closure}(Object(Illuminate\\Http\\Request))
#6 D:\\laravel\\BTN-PTUDMNM-tcdt\\vendor\\laravel\\framework\\src\\Illuminate\\Pipeline\\Pipeline.php(167): Illuminate\\Http\\Middleware\\TrustProxies->handle(Object(Illuminate\\Http\\Request), Object(Closure))
#7 D:\\laravel\\BTN-PTUDMNM-tcdt\\vendor\\laravel\\framework\\src\\Illuminate\\Pipeline\\Pipeline.php(103): Illuminate\\Pipeline\\Pipeline->Illuminate\\Pipeline\\{closure}(Object(Illuminate\\Http\\Request))
#8 D:\\laravel\\BTN-PTUDMNM-tcdt\\vendor\\laravel\\framework\\src\\Illuminate\\Foundation\\Http\\Kernel.php(142): Illuminate\\Pipeline\\Pipeline->then(Object(Closure))
#9 D:\\laravel\\BTN-PTUDMNM-tcdt\\vendor\\laravel\\framework\\src\\Illuminate\\Foundation\\Http\\Kernel.php(111): Illuminate\\Foundation\\Http\\Kernel->sendRequestThroughRouter(Object(Illuminate\\Http\\Request))
#10 D:\\laravel\\BTN-PTUDMNM-tcdt\\public\\index.php(51): Illuminate\\Foundation\\Http\\Kernel->handle(Object(Illuminate\\Http\\Request))
#11 D:\\laravel\\BTN-PTUDMNM-tcdt\\server.php(21): require_once('D:\\\\laravel\\\\BTN-...')
#12 {main}

[previous exception] [object] (ReflectionException(code: -1): Class \"Fruitcake\\Cors\\HandleCors\" does not exist at D:\\laravel\\BTN-PTUDMNM-tcdt\\vendor\\laravel\\framework\\src\\Illuminate\\Container\\Container.php:877)
[stacktrace]
#0 D:\\laravel\\BTN-PTUDMNM-tcdt\\vendor\\laravel\\framework\\src\\Illuminate\\Container\\Container.php(877): ReflectionClass->__construct('Fruitcake\\\\Cors\\\\...')
#1 D:\\laravel\\BTN-PTUDMNM-tcdt\\vendor\\laravel\\framework\\src\\Illuminate\\Container\\Container.php(758): Illuminate\\Container\\Container->build('Fruitcake\\\\Cors\\\\...')
#2 D:\\laravel\\BTN-PTUDMNM-tcdt\\vendor\\laravel\\framework\\src\\Illuminate\\Foundation\\Application.php(853): Illuminate\\Container\\Container->resolve('Fruitcake\\\\Cors\\\\...', Array, true)
#3 D:\\laravel\\BTN-PTUDMNM-tcdt\\vendor\\laravel\\framework\\src\\Illuminate\\Container\\Container.php(694): Illuminate\\Foundation\\Application->resolve('Fruitcake\\\\Cors\\\\...', Array)
#4 D:\\laravel\\BTN-PTUDMNM-tcdt\\vendor\\laravel\\framework\\src\\Illuminate\\Foundation\\Application.php(838): Illuminate\\Container\\Container->make('Fruitcake\\\\Cors\\\\...', Array)
#5 D:\\laravel\\BTN-PTUDMNM-tcdt\\vendor\\laravel\\framework\\src\\Illuminate\\Pipeline\\Pipeline.php(156): Illuminate\\Foundation\\Application->make('Fruitcake\\\\Cors\\\\...')
#6 D:\\laravel\\BTN-PTUDMNM-tcdt\\vendor\\laravel\\framework\\src\\Illuminate\\Http\\Middleware\\TrustProxies.php(39): Illuminate\\Pipeline\\Pipeline->Illuminate\\Pipeline\\{closure}(Object(Illuminate\\Http\\Request))
#7 D:\\laravel\\BTN-PTUDMNM-tcdt\\vendor\\laravel\\framework\\src\\Illuminate\\Pipeline\\Pipeline.php(167): Illuminate\\Http\\Middleware\\TrustProxies->handle(Object(Illuminate\\Http\\Request), Object(Closure))
#8 D:\\laravel\\BTN-PTUDMNM-tcdt\\vendor\\laravel\\framework\\src\\Illuminate\\Pipeline\\Pipeline.php(103): Illuminate\\Pipeline\\Pipeline->Illuminate\\Pipeline\\{closure}(Object(Illuminate\\Http\\Request))
#9 D:\\laravel\\BTN-PTUDMNM-tcdt\\vendor\\laravel\\framework\\src\\Illuminate\\Foundation\\Http\\Kernel.php(142): Illuminate\\Pipeline\\Pipeline->then(Object(Closure))
#10 D:\\laravel\\BTN-PTUDMNM-tcdt\\vendor\\laravel\\framework\\src\\Illuminate\\Foundation\\Http\\Kernel.php(111): Illuminate\\Foundation\\Http\\Kernel->sendRequestThroughRouter(Object(Illuminate\\Http\\Request))
#11 D:\\laravel\\BTN-PTUDMNM-tcdt\\public\\index.php(51): Illuminate\\Foundation\\Http\\Kernel->handle(Object(Illuminate\\Http\\Request))
#12 D:\\laravel\\BTN-PTUDMNM-tcdt\\server.php(21): require_once('D:\\\\laravel\\\\BTN-...')
#13 {main}
"} 
[2025-04-12 20:47:43] local.ERROR: Target class [Fruitcake\Cors\HandleCors] does not exist. {"exception":"[object] (Illuminate\\Contracts\\Container\\BindingResolutionException(code: 0): Target class [Fruitcake\\Cors\\HandleCors] does not exist. at D:\\laravel\\BTN-PTUDMNM-tcdt\\vendor\\laravel\\framework\\src\\Illuminate\\Container\\Container.php:879)
[stacktrace]
#0 D:\\laravel\\BTN-PTUDMNM-tcdt\\vendor\\laravel\\framework\\src\\Illuminate\\Container\\Container.php(758): Illuminate\\Container\\Container->build('Fruitcake\\\\Cors\\\\...')
#1 D:\\laravel\\BTN-PTUDMNM-tcdt\\vendor\\laravel\\framework\\src\\Illuminate\\Foundation\\Application.php(853): Illuminate\\Container\\Container->resolve('Fruitcake\\\\Cors\\\\...', Array, true)
#2 D:\\laravel\\BTN-PTUDMNM-tcdt\\vendor\\laravel\\framework\\src\\Illuminate\\Container\\Container.php(694): Illuminate\\Foundation\\Application->resolve('Fruitcake\\\\Cors\\\\...', Array)
#3 D:\\laravel\\BTN-PTUDMNM-tcdt\\vendor\\laravel\\framework\\src\\Illuminate\\Foundation\\Application.php(838): Illuminate\\Container\\Container->make('Fruitcake\\\\Cors\\\\...', Array)
#4 D:\\laravel\\BTN-PTUDMNM-tcdt\\vendor\\laravel\\framework\\src\\Illuminate\\Foundation\\Http\\Kernel.php(206): Illuminate\\Foundation\\Application->make('Fruitcake\\\\Cors\\\\...')
#5 D:\\laravel\\BTN-PTUDMNM-tcdt\\vendor\\laravel\\framework\\src\\Illuminate\\Foundation\\Http\\Kernel.php(180): Illuminate\\Foundation\\Http\\Kernel->terminateMiddleware(Object(Illuminate\\Http\\Request), Object(Illuminate\\Http\\Response))
#6 D:\\laravel\\BTN-PTUDMNM-tcdt\\public\\index.php(55): Illuminate\\Foundation\\Http\\Kernel->terminate(Object(Illuminate\\Http\\Request), Object(Illuminate\\Http\\Response))
#7 D:\\laravel\\BTN-PTUDMNM-tcdt\\server.php(21): require_once('D:\\\\laravel\\\\BTN-...')
#8 {main}

[previous exception] [object] (ReflectionException(code: -1): Class \"Fruitcake\\Cors\\HandleCors\" does not exist at D:\\laravel\\BTN-PTUDMNM-tcdt\\vendor\\laravel\\framework\\src\\Illuminate\\Container\\Container.php:877)
[stacktrace]
#0 D:\\laravel\\BTN-PTUDMNM-tcdt\\vendor\\laravel\\framework\\src\\Illuminate\\Container\\Container.php(877): ReflectionClass->__construct('Fruitcake\\\\Cors\\\\...')
#1 D:\\laravel\\BTN-PTUDMNM-tcdt\\vendor\\laravel\\framework\\src\\Illuminate\\Container\\Container.php(758): Illuminate\\Container\\Container->build('Fruitcake\\\\Cors\\\\...')
#2 D:\\laravel\\BTN-PTUDMNM-tcdt\\vendor\\laravel\\framework\\src\\Illuminate\\Foundation\\Application.php(853): Illuminate\\Container\\Container->resolve('Fruitcake\\\\Cors\\\\...', Array, true)
#3 D:\\laravel\\BTN-PTUDMNM-tcdt\\vendor\\laravel\\framework\\src\\Illuminate\\Container\\Container.php(694): Illuminate\\Foundation\\Application->resolve('Fruitcake\\\\Cors\\\\...', Array)
#4 D:\\laravel\\BTN-PTUDMNM-tcdt\\vendor\\laravel\\framework\\src\\Illuminate\\Foundation\\Application.php(838): Illuminate\\Container\\Container->make('Fruitcake\\\\Cors\\\\...', Array)
#5 D:\\laravel\\BTN-PTUDMNM-tcdt\\vendor\\laravel\\framework\\src\\Illuminate\\Foundation\\Http\\Kernel.php(206): Illuminate\\Foundation\\Application->make('Fruitcake\\\\Cors\\\\...')
#6 D:\\laravel\\BTN-PTUDMNM-tcdt\\vendor\\laravel\\framework\\src\\Illuminate\\Foundation\\Http\\Kernel.php(180): Illuminate\\Foundation\\Http\\Kernel->terminateMiddleware(Object(Illuminate\\Http\\Request), Object(Illuminate\\Http\\Response))
#7 D:\\laravel\\BTN-PTUDMNM-tcdt\\public\\index.php(55): Illuminate\\Foundation\\Http\\Kernel->terminate(Object(Illuminate\\Http\\Request), Object(Illuminate\\Http\\Response))
#8 D:\\laravel\\BTN-PTUDMNM-tcdt\\server.php(21): require_once('D:\\\\laravel\\\\BTN-...')
#9 {main}
"} 
[2025-04-12 21:10:13] local.ERROR: Target class [BookingController] does not exist. {"exception":"[object] (Illuminate\\Contracts\\Container\\BindingResolutionException(code: 0): Target class [BookingController] does not exist. at D:\\laravel\\BTN-PTUDMNM-tcdt\\vendor\\laravel\\framework\\src\\Illuminate\\Container\\Container.php:879)
[stacktrace]
#0 D:\\laravel\\BTN-PTUDMNM-tcdt\\vendor\\laravel\\framework\\src\\Illuminate\\Container\\Container.php(758): Illuminate\\Container\\Container->build('BookingControll...')
#1 D:\\laravel\\BTN-PTUDMNM-tcdt\\vendor\\laravel\\framework\\src\\Illuminate\\Foundation\\Application.php(853): Illuminate\\Container\\Container->resolve('BookingControll...', Array, true)
#2 D:\\laravel\\BTN-PTUDMNM-tcdt\\vendor\\laravel\\framework\\src\\Illuminate\\Container\\Container.php(694): Illuminate\\Foundation\\Application->resolve('BookingControll...', Array)
#3 D:\\laravel\\BTN-PTUDMNM-tcdt\\vendor\\laravel\\framework\\src\\Illuminate\\Foundation\\Application.php(838): Illuminate\\Container\\Container->make('BookingControll...', Array)
#4 D:\\laravel\\BTN-PTUDMNM-tcdt\\vendor\\laravel\\framework\\src\\Illuminate\\Routing\\Route.php(276): Illuminate\\Foundation\\Application->make('BookingControll...')
#5 D:\\laravel\\BTN-PTUDMNM-tcdt\\vendor\\laravel\\framework\\src\\Illuminate\\Routing\\Route.php(1080): Illuminate\\Routing\\Route->getController()
#6 D:\\laravel\\BTN-PTUDMNM-tcdt\\vendor\\laravel\\framework\\src\\Illuminate\\Routing\\Route.php(1023): Illuminate\\Routing\\Route->controllerMiddleware()
#7 D:\\laravel\\BTN-PTUDMNM-tcdt\\vendor\\laravel\\framework\\src\\Illuminate\\Routing\\Router.php(734): Illuminate\\Routing\\Route->gatherMiddleware()
#8 D:\\laravel\\BTN-PTUDMNM-tcdt\\vendor\\laravel\\framework\\src\\Illuminate\\Routing\\Router.php(714): Illuminate\\Routing\\Router->gatherRouteMiddleware(Object(Illuminate\\Routing\\Route))
#9 D:\\laravel\\BTN-PTUDMNM-tcdt\\vendor\\laravel\\framework\\src\\Illuminate\\Routing\\Router.php(698): Illuminate\\Routing\\Router->runRouteWithinStack(Object(Illuminate\\Routing\\Route), Object(Illuminate\\Http\\Request))
#10 D:\\laravel\\BTN-PTUDMNM-tcdt\\vendor\\laravel\\framework\\src\\Illuminate\\Routing\\Router.php(662): Illuminate\\Routing\\Router->runRoute(Object(Illuminate\\Http\\Request), Object(Illuminate\\Routing\\Route))
#11 D:\\laravel\\BTN-PTUDMNM-tcdt\\vendor\\laravel\\framework\\src\\Illuminate\\Routing\\Router.php(651): Illuminate\\Routing\\Router->dispatchToRoute(Object(Illuminate\\Http\\Request))
#12 D:\\laravel\\BTN-PTUDMNM-tcdt\\vendor\\laravel\\framework\\src\\Illuminate\\Foundation\\Http\\Kernel.php(167): Illuminate\\Routing\\Router->dispatch(Object(Illuminate\\Http\\Request))
#13 D:\\laravel\\BTN-PTUDMNM-tcdt\\vendor\\laravel\\framework\\src\\Illuminate\\Pipeline\\Pipeline.php(128): Illuminate\\Foundation\\Http\\Kernel->Illuminate\\Foundation\\Http\\{closure}(Object(Illuminate\\Http\\Request))
#14 D:\\laravel\\BTN-PTUDMNM-tcdt\\vendor\\laravel\\framework\\src\\Illuminate\\Foundation\\Http\\Middleware\\TransformsRequest.php(21): Illuminate\\Pipeline\\Pipeline->Illuminate\\Pipeline\\{closure}(Object(Illuminate\\Http\\Request))
#15 D:\\laravel\\BTN-PTUDMNM-tcdt\\vendor\\laravel\\framework\\src\\Illuminate\\Foundation\\Http\\Middleware\\ConvertEmptyStringsToNull.php(31): Illuminate\\Foundation\\Http\\Middleware\\TransformsRequest->handle(Object(Illuminate\\Http\\Request), Object(Closure))
#16 D:\\laravel\\BTN-PTUDMNM-tcdt\\vendor\\laravel\\framework\\src\\Illuminate\\Pipeline\\Pipeline.php(167): Illuminate\\Foundation\\Http\\Middleware\\ConvertEmptyStringsToNull->handle(Object(Illuminate\\Http\\Request), Object(Closure))
#17 D:\\laravel\\BTN-PTUDMNM-tcdt\\vendor\\laravel\\framework\\src\\Illuminate\\Foundation\\Http\\Middleware\\TransformsRequest.php(21): Illuminate\\Pipeline\\Pipeline->Illuminate\\Pipeline\\{closure}(Object(Illuminate\\Http\\Request))
#18 D:\\laravel\\BTN-PTUDMNM-tcdt\\vendor\\laravel\\framework\\src\\Illuminate\\Foundation\\Http\\Middleware\\TrimStrings.php(40): Illuminate\\Foundation\\Http\\Middleware\\TransformsRequest->handle(Object(Illuminate\\Http\\Request), Object(Closure))
#19 D:\\laravel\\BTN-PTUDMNM-tcdt\\vendor\\laravel\\framework\\src\\Illuminate\\Pipeline\\Pipeline.php(167): Illuminate\\Foundation\\Http\\Middleware\\TrimStrings->handle(Object(Illuminate\\Http\\Request), Object(Closure))
#20 D:\\laravel\\BTN-PTUDMNM-tcdt\\vendor\\laravel\\framework\\src\\Illuminate\\Foundation\\Http\\Middleware\\ValidatePostSize.php(27): Illuminate\\Pipeline\\Pipeline->Illuminate\\Pipeline\\{closure}(Object(Illuminate\\Http\\Request))
#21 D:\\laravel\\BTN-PTUDMNM-tcdt\\vendor\\laravel\\framework\\src\\Illuminate\\Pipeline\\Pipeline.php(167): Illuminate\\Foundation\\Http\\Middleware\\ValidatePostSize->handle(Object(Illuminate\\Http\\Request), Object(Closure))
#22 D:\\laravel\\BTN-PTUDMNM-tcdt\\vendor\\laravel\\framework\\src\\Illuminate\\Foundation\\Http\\Middleware\\PreventRequestsDuringMaintenance.php(86): Illuminate\\Pipeline\\Pipeline->Illuminate\\Pipeline\\{closure}(Object(Illuminate\\Http\\Request))
#23 D:\\laravel\\BTN-PTUDMNM-tcdt\\vendor\\laravel\\framework\\src\\Illuminate\\Pipeline\\Pipeline.php(167): Illuminate\\Foundation\\Http\\Middleware\\PreventRequestsDuringMaintenance->handle(Object(Illuminate\\Http\\Request), Object(Closure))
#24 D:\\laravel\\BTN-PTUDMNM-tcdt\\vendor\\laravel\\framework\\src\\Illuminate\\Http\\Middleware\\TrustProxies.php(39): Illuminate\\Pipeline\\Pipeline->Illuminate\\Pipeline\\{closure}(Object(Illuminate\\Http\\Request))
#25 D:\\laravel\\BTN-PTUDMNM-tcdt\\vendor\\laravel\\framework\\src\\Illuminate\\Pipeline\\Pipeline.php(167): Illuminate\\Http\\Middleware\\TrustProxies->handle(Object(Illuminate\\Http\\Request), Object(Closure))
#26 D:\\laravel\\BTN-PTUDMNM-tcdt\\vendor\\laravel\\framework\\src\\Illuminate\\Pipeline\\Pipeline.php(103): Illuminate\\Pipeline\\Pipeline->Illuminate\\Pipeline\\{closure}(Object(Illuminate\\Http\\Request))
#27 D:\\laravel\\BTN-PTUDMNM-tcdt\\vendor\\laravel\\framework\\src\\Illuminate\\Foundation\\Http\\Kernel.php(142): Illuminate\\Pipeline\\Pipeline->then(Object(Closure))
#28 D:\\laravel\\BTN-PTUDMNM-tcdt\\vendor\\laravel\\framework\\src\\Illuminate\\Foundation\\Http\\Kernel.php(111): Illuminate\\Foundation\\Http\\Kernel->sendRequestThroughRouter(Object(Illuminate\\Http\\Request))
#29 D:\\laravel\\BTN-PTUDMNM-tcdt\\public\\index.php(51): Illuminate\\Foundation\\Http\\Kernel->handle(Object(Illuminate\\Http\\Request))
#30 D:\\laravel\\BTN-PTUDMNM-tcdt\\server.php(21): require_once('D:\\\\laravel\\\\BTN-...')
#31 {main}

[previous exception] [object] (ReflectionException(code: -1): Class \"BookingController\" does not exist at D:\\laravel\\BTN-PTUDMNM-tcdt\\vendor\\laravel\\framework\\src\\Illuminate\\Container\\Container.php:877)
[stacktrace]
#0 D:\\laravel\\BTN-PTUDMNM-tcdt\\vendor\\laravel\\framework\\src\\Illuminate\\Container\\Container.php(877): ReflectionClass->__construct('BookingControll...')
#1 D:\\laravel\\BTN-PTUDMNM-tcdt\\vendor\\laravel\\framework\\src\\Illuminate\\Container\\Container.php(758): Illuminate\\Container\\Container->build('BookingControll...')
#2 D:\\laravel\\BTN-PTUDMNM-tcdt\\vendor\\laravel\\framework\\src\\Illuminate\\Foundation\\Application.php(853): Illuminate\\Container\\Container->resolve('BookingControll...', Array, true)
#3 D:\\laravel\\BTN-PTUDMNM-tcdt\\vendor\\laravel\\framework\\src\\Illuminate\\Container\\Container.php(694): Illuminate\\Foundation\\Application->resolve('BookingControll...', Array)
#4 D:\\laravel\\BTN-PTUDMNM-tcdt\\vendor\\laravel\\framework\\src\\Illuminate\\Foundation\\Application.php(838): Illuminate\\Container\\Container->make('BookingControll...', Array)
#5 D:\\laravel\\BTN-PTUDMNM-tcdt\\vendor\\laravel\\framework\\src\\Illuminate\\Routing\\Route.php(276): Illuminate\\Foundation\\Application->make('BookingControll...')
#6 D:\\laravel\\BTN-PTUDMNM-tcdt\\vendor\\laravel\\framework\\src\\Illuminate\\Routing\\Route.php(1080): Illuminate\\Routing\\Route->getController()
#7 D:\\laravel\\BTN-PTUDMNM-tcdt\\vendor\\laravel\\framework\\src\\Illuminate\\Routing\\Route.php(1023): Illuminate\\Routing\\Route->controllerMiddleware()
#8 D:\\laravel\\BTN-PTUDMNM-tcdt\\vendor\\laravel\\framework\\src\\Illuminate\\Routing\\Router.php(734): Illuminate\\Routing\\Route->gatherMiddleware()
#9 D:\\laravel\\BTN-PTUDMNM-tcdt\\vendor\\laravel\\framework\\src\\Illuminate\\Routing\\Router.php(714): Illuminate\\Routing\\Router->gatherRouteMiddleware(Object(Illuminate\\Routing\\Route))
#10 D:\\laravel\\BTN-PTUDMNM-tcdt\\vendor\\laravel\\framework\\src\\Illuminate\\Routing\\Router.php(698): Illuminate\\Routing\\Router->runRouteWithinStack(Object(Illuminate\\Routing\\Route), Object(Illuminate\\Http\\Request))
#11 D:\\laravel\\BTN-PTUDMNM-tcdt\\vendor\\laravel\\framework\\src\\Illuminate\\Routing\\Router.php(662): Illuminate\\Routing\\Router->runRoute(Object(Illuminate\\Http\\Request), Object(Illuminate\\Routing\\Route))
#12 D:\\laravel\\BTN-PTUDMNM-tcdt\\vendor\\laravel\\framework\\src\\Illuminate\\Routing\\Router.php(651): Illuminate\\Routing\\Router->dispatchToRoute(Object(Illuminate\\Http\\Request))
#13 D:\\laravel\\BTN-PTUDMNM-tcdt\\vendor\\laravel\\framework\\src\\Illuminate\\Foundation\\Http\\Kernel.php(167): Illuminate\\Routing\\Router->dispatch(Object(Illuminate\\Http\\Request))
#14 D:\\laravel\\BTN-PTUDMNM-tcdt\\vendor\\laravel\\framework\\src\\Illuminate\\Pipeline\\Pipeline.php(128): Illuminate\\Foundation\\Http\\Kernel->Illuminate\\Foundation\\Http\\{closure}(Object(Illuminate\\Http\\Request))
#15 D:\\laravel\\BTN-PTUDMNM-tcdt\\vendor\\laravel\\framework\\src\\Illuminate\\Foundation\\Http\\Middleware\\TransformsRequest.php(21): Illuminate\\Pipeline\\Pipeline->Illuminate\\Pipeline\\{closure}(Object(Illuminate\\Http\\Request))
#16 D:\\laravel\\BTN-PTUDMNM-tcdt\\vendor\\laravel\\framework\\src\\Illuminate\\Foundation\\Http\\Middleware\\ConvertEmptyStringsToNull.php(31): Illuminate\\Foundation\\Http\\Middleware\\TransformsRequest->handle(Object(Illuminate\\Http\\Request), Object(Closure))
#17 D:\\laravel\\BTN-PTUDMNM-tcdt\\vendor\\laravel\\framework\\src\\Illuminate\\Pipeline\\Pipeline.php(167): Illuminate\\Foundation\\Http\\Middleware\\ConvertEmptyStringsToNull->handle(Object(Illuminate\\Http\\Request), Object(Closure))
#18 D:\\laravel\\BTN-PTUDMNM-tcdt\\vendor\\laravel\\framework\\src\\Illuminate\\Foundation\\Http\\Middleware\\TransformsRequest.php(21): Illuminate\\Pipeline\\Pipeline->Illuminate\\Pipeline\\{closure}(Object(Illuminate\\Http\\Request))
#19 D:\\laravel\\BTN-PTUDMNM-tcdt\\vendor\\laravel\\framework\\src\\Illuminate\\Foundation\\Http\\Middleware\\TrimStrings.php(40): Illuminate\\Foundation\\Http\\Middleware\\TransformsRequest->handle(Object(Illuminate\\Http\\Request), Object(Closure))
#20 D:\\laravel\\BTN-PTUDMNM-tcdt\\vendor\\laravel\\framework\\src\\Illuminate\\Pipeline\\Pipeline.php(167): Illuminate\\Foundation\\Http\\Middleware\\TrimStrings->handle(Object(Illuminate\\Http\\Request), Object(Closure))
#21 D:\\laravel\\BTN-PTUDMNM-tcdt\\vendor\\laravel\\framework\\src\\Illuminate\\Foundation\\Http\\Middleware\\ValidatePostSize.php(27): Illuminate\\Pipeline\\Pipeline->Illuminate\\Pipeline\\{closure}(Object(Illuminate\\Http\\Request))
#22 D:\\laravel\\BTN-PTUDMNM-tcdt\\vendor\\laravel\\framework\\src\\Illuminate\\Pipeline\\Pipeline.php(167): Illuminate\\Foundation\\Http\\Middleware\\ValidatePostSize->handle(Object(Illuminate\\Http\\Request), Object(Closure))
#23 D:\\laravel\\BTN-PTUDMNM-tcdt\\vendor\\laravel\\framework\\src\\Illuminate\\Foundation\\Http\\Middleware\\PreventRequestsDuringMaintenance.php(86): Illuminate\\Pipeline\\Pipeline->Illuminate\\Pipeline\\{closure}(Object(Illuminate\\Http\\Request))
#24 D:\\laravel\\BTN-PTUDMNM-tcdt\\vendor\\laravel\\framework\\src\\Illuminate\\Pipeline\\Pipeline.php(167): Illuminate\\Foundation\\Http\\Middleware\\PreventRequestsDuringMaintenance->handle(Object(Illuminate\\Http\\Request), Object(Closure))
#25 D:\\laravel\\BTN-PTUDMNM-tcdt\\vendor\\laravel\\framework\\src\\Illuminate\\Http\\Middleware\\TrustProxies.php(39): Illuminate\\Pipeline\\Pipeline->Illuminate\\Pipeline\\{closure}(Object(Illuminate\\Http\\Request))
#26 D:\\laravel\\BTN-PTUDMNM-tcdt\\vendor\\laravel\\framework\\src\\Illuminate\\Pipeline\\Pipeline.php(167): Illuminate\\Http\\Middleware\\TrustProxies->handle(Object(Illuminate\\Http\\Request), Object(Closure))
#27 D:\\laravel\\BTN-PTUDMNM-tcdt\\vendor\\laravel\\framework\\src\\Illuminate\\Pipeline\\Pipeline.php(103): Illuminate\\Pipeline\\Pipeline->Illuminate\\Pipeline\\{closure}(Object(Illuminate\\Http\\Request))
#28 D:\\laravel\\BTN-PTUDMNM-tcdt\\vendor\\laravel\\framework\\src\\Illuminate\\Foundation\\Http\\Kernel.php(142): Illuminate\\Pipeline\\Pipeline->then(Object(Closure))
#29 D:\\laravel\\BTN-PTUDMNM-tcdt\\vendor\\laravel\\framework\\src\\Illuminate\\Foundation\\Http\\Kernel.php(111): Illuminate\\Foundation\\Http\\Kernel->sendRequestThroughRouter(Object(Illuminate\\Http\\Request))
#30 D:\\laravel\\BTN-PTUDMNM-tcdt\\public\\index.php(51): Illuminate\\Foundation\\Http\\Kernel->handle(Object(Illuminate\\Http\\Request))
#31 D:\\laravel\\BTN-PTUDMNM-tcdt\\server.php(21): require_once('D:\\\\laravel\\\\BTN-...')
#32 {main}
"} 
[2025-04-12 21:16:40] local.ERROR: View [layouts.footer] not found. (View: D:\laravel\BTN-PTUDMNM-tcdt\resources\views\layouts\app.blade.php) {"view":{"view":"D:\\laravel\\BTN-PTUDMNM-tcdt\\vendor\\laravel\\framework\\src\\Illuminate\\View\\FileViewFinder.php","data":[]},"exception":"[object] (Facade\\Ignition\\Exceptions\\ViewException(code: 0): View [layouts.footer] not found. (View: D:\\laravel\\BTN-PTUDMNM-tcdt\\resources\\views\\layouts\\app.blade.php) at D:\\laravel\\BTN-PTUDMNM-tcdt\\vendor\\laravel\\framework\\src\\Illuminate\\View\\FileViewFinder.php:137)
[stacktrace]
#0 D:\\laravel\\BTN-PTUDMNM-tcdt\\vendor\\laravel\\framework\\src\\Illuminate\\View\\FileViewFinder.php(79): Illuminate\\View\\FileViewFinder->findInPaths('layouts.footer', Array)
#1 D:\\laravel\\BTN-PTUDMNM-tcdt\\vendor\\laravel\\framework\\src\\Illuminate\\View\\Factory.php(137): Illuminate\\View\\FileViewFinder->find('layouts.footer')
#2 D:\\laravel\\BTN-PTUDMNM-tcdt\\resources\\views/layouts/app.blade.php(24): Illuminate\\View\\Factory->make('layouts.footer', Array)
#3 D:\\laravel\\BTN-PTUDMNM-tcdt\\vendor\\laravel\\framework\\src\\Illuminate\\Filesystem\\Filesystem.php(107): require('D:\\\\laravel\\\\BTN-...')
#4 D:\\laravel\\BTN-PTUDMNM-tcdt\\vendor\\laravel\\framework\\src\\Illuminate\\Filesystem\\Filesystem.php(108): Illuminate\\Filesystem\\Filesystem::Illuminate\\Filesystem\\{closure}()
#5 D:\\laravel\\BTN-PTUDMNM-tcdt\\vendor\\laravel\\framework\\src\\Illuminate\\View\\Engines\\PhpEngine.php(58): Illuminate\\Filesystem\\Filesystem->getRequire('D:\\\\laravel\\\\BTN-...', Array)
#6 D:\\laravel\\BTN-PTUDMNM-tcdt\\vendor\\laravel\\framework\\src\\Illuminate\\View\\Engines\\CompilerEngine.php(61): Illuminate\\View\\Engines\\PhpEngine->evaluatePath('D:\\\\laravel\\\\BTN-...', Array)
#7 D:\\laravel\\BTN-PTUDMNM-tcdt\\vendor\\facade\\ignition\\src\\Views\\Engines\\CompilerEngine.php(37): Illuminate\\View\\Engines\\CompilerEngine->get('D:\\\\laravel\\\\BTN-...', Array)
#8 D:\\laravel\\BTN-PTUDMNM-tcdt\\vendor\\laravel\\framework\\src\\Illuminate\\View\\View.php(139): Facade\\Ignition\\Views\\Engines\\CompilerEngine->get('D:\\\\laravel\\\\BTN-...', Array)
#9 D:\\laravel\\BTN-PTUDMNM-tcdt\\vendor\\laravel\\framework\\src\\Illuminate\\View\\View.php(122): Illuminate\\View\\View->getContents()
#10 D:\\laravel\\BTN-PTUDMNM-tcdt\\vendor\\laravel\\framework\\src\\Illuminate\\View\\View.php(91): Illuminate\\View\\View->renderContents()
#11 D:\\laravel\\BTN-PTUDMNM-tcdt\\resources\\views/booking_form.blade.php(458): Illuminate\\View\\View->render()
#12 D:\\laravel\\BTN-PTUDMNM-tcdt\\vendor\\laravel\\framework\\src\\Illuminate\\Filesystem\\Filesystem.php(107): require('D:\\\\laravel\\\\BTN-...')
#13 D:\\laravel\\BTN-PTUDMNM-tcdt\\vendor\\laravel\\framework\\src\\Illuminate\\Filesystem\\Filesystem.php(108): Illuminate\\Filesystem\\Filesystem::Illuminate\\Filesystem\\{closure}()
#14 D:\\laravel\\BTN-PTUDMNM-tcdt\\vendor\\laravel\\framework\\src\\Illuminate\\View\\Engines\\PhpEngine.php(58): Illuminate\\Filesystem\\Filesystem->getRequire('D:\\\\laravel\\\\BTN-...', Array)
#15 D:\\laravel\\BTN-PTUDMNM-tcdt\\vendor\\laravel\\framework\\src\\Illuminate\\View\\Engines\\CompilerEngine.php(61): Illuminate\\View\\Engines\\PhpEngine->evaluatePath('D:\\\\laravel\\\\BTN-...', Array)
#16 D:\\laravel\\BTN-PTUDMNM-tcdt\\vendor\\facade\\ignition\\src\\Views\\Engines\\CompilerEngine.php(37): Illuminate\\View\\Engines\\CompilerEngine->get('D:\\\\laravel\\\\BTN-...', Array)
#17 D:\\laravel\\BTN-PTUDMNM-tcdt\\vendor\\laravel\\framework\\src\\Illuminate\\View\\View.php(139): Facade\\Ignition\\Views\\Engines\\CompilerEngine->get('D:\\\\laravel\\\\BTN-...', Array)
#18 D:\\laravel\\BTN-PTUDMNM-tcdt\\vendor\\laravel\\framework\\src\\Illuminate\\View\\View.php(122): Illuminate\\View\\View->getContents()
#19 D:\\laravel\\BTN-PTUDMNM-tcdt\\vendor\\laravel\\framework\\src\\Illuminate\\View\\View.php(91): Illuminate\\View\\View->renderContents()
#20 D:\\laravel\\BTN-PTUDMNM-tcdt\\vendor\\laravel\\framework\\src\\Illuminate\\Http\\Response.php(69): Illuminate\\View\\View->render()
#21 D:\\laravel\\BTN-PTUDMNM-tcdt\\vendor\\laravel\\framework\\src\\Illuminate\\Http\\Response.php(35): Illuminate\\Http\\Response->setContent(Object(Illuminate\\View\\View))
#22 D:\\laravel\\BTN-PTUDMNM-tcdt\\vendor\\laravel\\framework\\src\\Illuminate\\Routing\\Router.php(820): Illuminate\\Http\\Response->__construct(Object(Illuminate\\View\\View), 200, Array)
#23 D:\\laravel\\BTN-PTUDMNM-tcdt\\vendor\\laravel\\framework\\src\\Illuminate\\Routing\\Router.php(789): Illuminate\\Routing\\Router::toResponse(Object(Illuminate\\Http\\Request), Object(Illuminate\\View\\View))
#24 D:\\laravel\\BTN-PTUDMNM-tcdt\\vendor\\laravel\\framework\\src\\Illuminate\\Routing\\Router.php(720): Illuminate\\Routing\\Router->prepareResponse(Object(Illuminate\\Http\\Request), Object(Illuminate\\View\\View))
#25 D:\\laravel\\BTN-PTUDMNM-tcdt\\vendor\\laravel\\framework\\src\\Illuminate\\Pipeline\\Pipeline.php(128): Illuminate\\Routing\\Router->Illuminate\\Routing\\{closure}(Object(Illuminate\\Http\\Request))
#26 D:\\laravel\\BTN-PTUDMNM-tcdt\\vendor\\laravel\\framework\\src\\Illuminate\\Routing\\Middleware\\SubstituteBindings.php(50): Illuminate\\Pipeline\\Pipeline->Illuminate\\Pipeline\\{closure}(Object(Illuminate\\Http\\Request))
#27 D:\\laravel\\BTN-PTUDMNM-tcdt\\vendor\\laravel\\framework\\src\\Illuminate\\Pipeline\\Pipeline.php(167): Illuminate\\Routing\\Middleware\\SubstituteBindings->handle(Object(Illuminate\\Http\\Request), Object(Closure))
#28 D:\\laravel\\BTN-PTUDMNM-tcdt\\vendor\\laravel\\framework\\src\\Illuminate\\Foundation\\Http\\Middleware\\VerifyCsrfToken.php(78): Illuminate\\Pipeline\\Pipeline->Illuminate\\Pipeline\\{closure}(Object(Illuminate\\Http\\Request))
#29 D:\\laravel\\BTN-PTUDMNM-tcdt\\vendor\\laravel\\framework\\src\\Illuminate\\Pipeline\\Pipeline.php(167): Illuminate\\Foundation\\Http\\Middleware\\VerifyCsrfToken->handle(Object(Illuminate\\Http\\Request), Object(Closure))
#30 D:\\laravel\\BTN-PTUDMNM-tcdt\\vendor\\laravel\\framework\\src\\Illuminate\\View\\Middleware\\ShareErrorsFromSession.php(49): Illuminate\\Pipeline\\Pipeline->Illuminate\\Pipeline\\{closure}(Object(Illuminate\\Http\\Request))
#31 D:\\laravel\\BTN-PTUDMNM-tcdt\\vendor\\laravel\\framework\\src\\Illuminate\\Pipeline\\Pipeline.php(167): Illuminate\\View\\Middleware\\ShareErrorsFromSession->handle(Object(Illuminate\\Http\\Request), Object(Closure))
#32 D:\\laravel\\BTN-PTUDMNM-tcdt\\vendor\\laravel\\framework\\src\\Illuminate\\Session\\Middleware\\StartSession.php(121): Illuminate\\Pipeline\\Pipeline->Illuminate\\Pipeline\\{closure}(Object(Illuminate\\Http\\Request))
#33 D:\\laravel\\BTN-PTUDMNM-tcdt\\vendor\\laravel\\framework\\src\\Illuminate\\Session\\Middleware\\StartSession.php(64): Illuminate\\Session\\Middleware\\StartSession->handleStatefulRequest(Object(Illuminate\\Http\\Request), Object(Illuminate\\Session\\Store), Object(Closure))
#34 D:\\laravel\\BTN-PTUDMNM-tcdt\\vendor\\laravel\\framework\\src\\Illuminate\\Pipeline\\Pipeline.php(167): Illuminate\\Session\\Middleware\\StartSession->handle(Object(Illuminate\\Http\\Request), Object(Closure))
#35 D:\\laravel\\BTN-PTUDMNM-tcdt\\vendor\\laravel\\framework\\src\\Illuminate\\Cookie\\Middleware\\AddQueuedCookiesToResponse.php(37): Illuminate\\Pipeline\\Pipeline->Illuminate\\Pipeline\\{closure}(Object(Illuminate\\Http\\Request))
#36 D:\\laravel\\BTN-PTUDMNM-tcdt\\vendor\\laravel\\framework\\src\\Illuminate\\Pipeline\\Pipeline.php(167): Illuminate\\Cookie\\Middleware\\AddQueuedCookiesToResponse->handle(Object(Illuminate\\Http\\Request), Object(Closure))
#37 D:\\laravel\\BTN-PTUDMNM-tcdt\\vendor\\laravel\\framework\\src\\Illuminate\\Cookie\\Middleware\\EncryptCookies.php(67): Illuminate\\Pipeline\\Pipeline->Illuminate\\Pipeline\\{closure}(Object(Illuminate\\Http\\Request))
#38 D:\\laravel\\BTN-PTUDMNM-tcdt\\vendor\\laravel\\framework\\src\\Illuminate\\Pipeline\\Pipeline.php(167): Illuminate\\Cookie\\Middleware\\EncryptCookies->handle(Object(Illuminate\\Http\\Request), Object(Closure))
#39 D:\\laravel\\BTN-PTUDMNM-tcdt\\vendor\\laravel\\framework\\src\\Illuminate\\Pipeline\\Pipeline.php(103): Illuminate\\Pipeline\\Pipeline->Illuminate\\Pipeline\\{closure}(Object(Illuminate\\Http\\Request))
#40 D:\\laravel\\BTN-PTUDMNM-tcdt\\vendor\\laravel\\framework\\src\\Illuminate\\Routing\\Router.php(719): Illuminate\\Pipeline\\Pipeline->then(Object(Closure))
#41 D:\\laravel\\BTN-PTUDMNM-tcdt\\vendor\\laravel\\framework\\src\\Illuminate\\Routing\\Router.php(698): Illuminate\\Routing\\Router->runRouteWithinStack(Object(Illuminate\\Routing\\Route), Object(Illuminate\\Http\\Request))
#42 D:\\laravel\\BTN-PTUDMNM-tcdt\\vendor\\laravel\\framework\\src\\Illuminate\\Routing\\Router.php(662): Illuminate\\Routing\\Router->runRoute(Object(Illuminate\\Http\\Request), Object(Illuminate\\Routing\\Route))
#43 D:\\laravel\\BTN-PTUDMNM-tcdt\\vendor\\laravel\\framework\\src\\Illuminate\\Routing\\Router.php(651): Illuminate\\Routing\\Router->dispatchToRoute(Object(Illuminate\\Http\\Request))
#44 D:\\laravel\\BTN-PTUDMNM-tcdt\\vendor\\laravel\\framework\\src\\Illuminate\\Foundation\\Http\\Kernel.php(167): Illuminate\\Routing\\Router->dispatch(Object(Illuminate\\Http\\Request))
#45 D:\\laravel\\BTN-PTUDMNM-tcdt\\vendor\\laravel\\framework\\src\\Illuminate\\Pipeline\\Pipeline.php(128): Illuminate\\Foundation\\Http\\Kernel->Illuminate\\Foundation\\Http\\{closure}(Object(Illuminate\\Http\\Request))
#46 D:\\laravel\\BTN-PTUDMNM-tcdt\\vendor\\laravel\\framework\\src\\Illuminate\\Foundation\\Http\\Middleware\\TransformsRequest.php(21): Illuminate\\Pipeline\\Pipeline->Illuminate\\Pipeline\\{closure}(Object(Illuminate\\Http\\Request))
#47 D:\\laravel\\BTN-PTUDMNM-tcdt\\vendor\\laravel\\framework\\src\\Illuminate\\Foundation\\Http\\Middleware\\ConvertEmptyStringsToNull.php(31): Illuminate\\Foundation\\Http\\Middleware\\TransformsRequest->handle(Object(Illuminate\\Http\\Request), Object(Closure))
#48 D:\\laravel\\BTN-PTUDMNM-tcdt\\vendor\\laravel\\framework\\src\\Illuminate\\Pipeline\\Pipeline.php(167): Illuminate\\Foundation\\Http\\Middleware\\ConvertEmptyStringsToNull->handle(Object(Illuminate\\Http\\Request), Object(Closure))
#49 D:\\laravel\\BTN-PTUDMNM-tcdt\\vendor\\laravel\\framework\\src\\Illuminate\\Foundation\\Http\\Middleware\\TransformsRequest.php(21): Illuminate\\Pipeline\\Pipeline->Illuminate\\Pipeline\\{closure}(Object(Illuminate\\Http\\Request))
#50 D:\\laravel\\BTN-PTUDMNM-tcdt\\vendor\\laravel\\framework\\src\\Illuminate\\Foundation\\Http\\Middleware\\TrimStrings.php(40): Illuminate\\Foundation\\Http\\Middleware\\TransformsRequest->handle(Object(Illuminate\\Http\\Request), Object(Closure))
#51 D:\\laravel\\BTN-PTUDMNM-tcdt\\vendor\\laravel\\framework\\src\\Illuminate\\Pipeline\\Pipeline.php(167): Illuminate\\Foundation\\Http\\Middleware\\TrimStrings->handle(Object(Illuminate\\Http\\Request), Object(Closure))
#52 D:\\laravel\\BTN-PTUDMNM-tcdt\\vendor\\laravel\\framework\\src\\Illuminate\\Foundation\\Http\\Middleware\\ValidatePostSize.php(27): Illuminate\\Pipeline\\Pipeline->Illuminate\\Pipeline\\{closure}(Object(Illuminate\\Http\\Request))
#53 D:\\laravel\\BTN-PTUDMNM-tcdt\\vendor\\laravel\\framework\\src\\Illuminate\\Pipeline\\Pipeline.php(167): Illuminate\\Foundation\\Http\\Middleware\\ValidatePostSize->handle(Object(Illuminate\\Http\\Request), Object(Closure))
#54 D:\\laravel\\BTN-PTUDMNM-tcdt\\vendor\\laravel\\framework\\src\\Illuminate\\Foundation\\Http\\Middleware\\PreventRequestsDuringMaintenance.php(86): Illuminate\\Pipeline\\Pipeline->Illuminate\\Pipeline\\{closure}(Object(Illuminate\\Http\\Request))
#55 D:\\laravel\\BTN-PTUDMNM-tcdt\\vendor\\laravel\\framework\\src\\Illuminate\\Pipeline\\Pipeline.php(167): Illuminate\\Foundation\\Http\\Middleware\\PreventRequestsDuringMaintenance->handle(Object(Illuminate\\Http\\Request), Object(Closure))
#56 D:\\laravel\\BTN-PTUDMNM-tcdt\\vendor\\laravel\\framework\\src\\Illuminate\\Http\\Middleware\\TrustProxies.php(39): Illuminate\\Pipeline\\Pipeline->Illuminate\\Pipeline\\{closure}(Object(Illuminate\\Http\\Request))
#57 D:\\laravel\\BTN-PTUDMNM-tcdt\\vendor\\laravel\\framework\\src\\Illuminate\\Pipeline\\Pipeline.php(167): Illuminate\\Http\\Middleware\\TrustProxies->handle(Object(Illuminate\\Http\\Request), Object(Closure))
#58 D:\\laravel\\BTN-PTUDMNM-tcdt\\vendor\\laravel\\framework\\src\\Illuminate\\Pipeline\\Pipeline.php(103): Illuminate\\Pipeline\\Pipeline->Illuminate\\Pipeline\\{closure}(Object(Illuminate\\Http\\Request))
#59 D:\\laravel\\BTN-PTUDMNM-tcdt\\vendor\\laravel\\framework\\src\\Illuminate\\Foundation\\Http\\Kernel.php(142): Illuminate\\Pipeline\\Pipeline->then(Object(Closure))
#60 D:\\laravel\\BTN-PTUDMNM-tcdt\\vendor\\laravel\\framework\\src\\Illuminate\\Foundation\\Http\\Kernel.php(111): Illuminate\\Foundation\\Http\\Kernel->sendRequestThroughRouter(Object(Illuminate\\Http\\Request))
#61 D:\\laravel\\BTN-PTUDMNM-tcdt\\public\\index.php(51): Illuminate\\Foundation\\Http\\Kernel->handle(Object(Illuminate\\Http\\Request))
#62 D:\\laravel\\BTN-PTUDMNM-tcdt\\server.php(21): require_once('D:\\\\laravel\\\\BTN-...')
#63 {main}

[previous exception] [object] (InvalidArgumentException(code: 0): View [layouts.footer] not found. at D:\\laravel\\BTN-PTUDMNM-tcdt\\vendor\\laravel\\framework\\src\\Illuminate\\View\\FileViewFinder.php:137)
[stacktrace]
#0 D:\\laravel\\BTN-PTUDMNM-tcdt\\vendor\\laravel\\framework\\src\\Illuminate\\View\\FileViewFinder.php(79): Illuminate\\View\\FileViewFinder->findInPaths('layouts.footer', Array)
#1 D:\\laravel\\BTN-PTUDMNM-tcdt\\vendor\\laravel\\framework\\src\\Illuminate\\View\\Factory.php(137): Illuminate\\View\\FileViewFinder->find('layouts.footer')
#2 D:\\laravel\\BTN-PTUDMNM-tcdt\\storage\\framework\\views\\68a23f6d9a6d90b3b3bf083a42eaaa2ebc74cd28.php(24): Illuminate\\View\\Factory->make('layouts.footer', Array)
#3 D:\\laravel\\BTN-PTUDMNM-tcdt\\vendor\\laravel\\framework\\src\\Illuminate\\Filesystem\\Filesystem.php(107): require('D:\\\\laravel\\\\BTN-...')
#4 D:\\laravel\\BTN-PTUDMNM-tcdt\\vendor\\laravel\\framework\\src\\Illuminate\\Filesystem\\Filesystem.php(108): Illuminate\\Filesystem\\Filesystem::Illuminate\\Filesystem\\{closure}()
#5 D:\\laravel\\BTN-PTUDMNM-tcdt\\vendor\\laravel\\framework\\src\\Illuminate\\View\\Engines\\PhpEngine.php(58): Illuminate\\Filesystem\\Filesystem->getRequire('D:\\\\laravel\\\\BTN-...', Array)
#6 D:\\laravel\\BTN-PTUDMNM-tcdt\\vendor\\laravel\\framework\\src\\Illuminate\\View\\Engines\\CompilerEngine.php(61): Illuminate\\View\\Engines\\PhpEngine->evaluatePath('D:\\\\laravel\\\\BTN-...', Array)
#7 D:\\laravel\\BTN-PTUDMNM-tcdt\\vendor\\facade\\ignition\\src\\Views\\Engines\\CompilerEngine.php(37): Illuminate\\View\\Engines\\CompilerEngine->get('D:\\\\laravel\\\\BTN-...', Array)
#8 D:\\laravel\\BTN-PTUDMNM-tcdt\\vendor\\laravel\\framework\\src\\Illuminate\\View\\View.php(139): Facade\\Ignition\\Views\\Engines\\CompilerEngine->get('D:\\\\laravel\\\\BTN-...', Array)
#9 D:\\laravel\\BTN-PTUDMNM-tcdt\\vendor\\laravel\\framework\\src\\Illuminate\\View\\View.php(122): Illuminate\\View\\View->getContents()
#10 D:\\laravel\\BTN-PTUDMNM-tcdt\\vendor\\laravel\\framework\\src\\Illuminate\\View\\View.php(91): Illuminate\\View\\View->renderContents()
#11 D:\\laravel\\BTN-PTUDMNM-tcdt\\storage\\framework\\views\\4b4bdc92342ecd72796016ebc5e422a797295625.php(458): Illuminate\\View\\View->render()
#12 D:\\laravel\\BTN-PTUDMNM-tcdt\\vendor\\laravel\\framework\\src\\Illuminate\\Filesystem\\Filesystem.php(107): require('D:\\\\laravel\\\\BTN-...')
#13 D:\\laravel\\BTN-PTUDMNM-tcdt\\vendor\\laravel\\framework\\src\\Illuminate\\Filesystem\\Filesystem.php(108): Illuminate\\Filesystem\\Filesystem::Illuminate\\Filesystem\\{closure}()
#14 D:\\laravel\\BTN-PTUDMNM-tcdt\\vendor\\laravel\\framework\\src\\Illuminate\\View\\Engines\\PhpEngine.php(58): Illuminate\\Filesystem\\Filesystem->getRequire('D:\\\\laravel\\\\BTN-...', Array)
#15 D:\\laravel\\BTN-PTUDMNM-tcdt\\vendor\\laravel\\framework\\src\\Illuminate\\View\\Engines\\CompilerEngine.php(61): Illuminate\\View\\Engines\\PhpEngine->evaluatePath('D:\\\\laravel\\\\BTN-...', Array)
#16 D:\\laravel\\BTN-PTUDMNM-tcdt\\vendor\\facade\\ignition\\src\\Views\\Engines\\CompilerEngine.php(37): Illuminate\\View\\Engines\\CompilerEngine->get('D:\\\\laravel\\\\BTN-...', Array)
#17 D:\\laravel\\BTN-PTUDMNM-tcdt\\vendor\\laravel\\framework\\src\\Illuminate\\View\\View.php(139): Facade\\Ignition\\Views\\Engines\\CompilerEngine->get('D:\\\\laravel\\\\BTN-...', Array)
#18 D:\\laravel\\BTN-PTUDMNM-tcdt\\vendor\\laravel\\framework\\src\\Illuminate\\View\\View.php(122): Illuminate\\View\\View->getContents()
#19 D:\\laravel\\BTN-PTUDMNM-tcdt\\vendor\\laravel\\framework\\src\\Illuminate\\View\\View.php(91): Illuminate\\View\\View->renderContents()
#20 D:\\laravel\\BTN-PTUDMNM-tcdt\\vendor\\laravel\\framework\\src\\Illuminate\\Http\\Response.php(69): Illuminate\\View\\View->render()
#21 D:\\laravel\\BTN-PTUDMNM-tcdt\\vendor\\laravel\\framework\\src\\Illuminate\\Http\\Response.php(35): Illuminate\\Http\\Response->setContent(Object(Illuminate\\View\\View))
#22 D:\\laravel\\BTN-PTUDMNM-tcdt\\vendor\\laravel\\framework\\src\\Illuminate\\Routing\\Router.php(820): Illuminate\\Http\\Response->__construct(Object(Illuminate\\View\\View), 200, Array)
#23 D:\\laravel\\BTN-PTUDMNM-tcdt\\vendor\\laravel\\framework\\src\\Illuminate\\Routing\\Router.php(789): Illuminate\\Routing\\Router::toResponse(Object(Illuminate\\Http\\Request), Object(Illuminate\\View\\View))
#24 D:\\laravel\\BTN-PTUDMNM-tcdt\\vendor\\laravel\\framework\\src\\Illuminate\\Routing\\Router.php(720): Illuminate\\Routing\\Router->prepareResponse(Object(Illuminate\\Http\\Request), Object(Illuminate\\View\\View))
#25 D:\\laravel\\BTN-PTUDMNM-tcdt\\vendor\\laravel\\framework\\src\\Illuminate\\Pipeline\\Pipeline.php(128): Illuminate\\Routing\\Router->Illuminate\\Routing\\{closure}(Object(Illuminate\\Http\\Request))
#26 D:\\laravel\\BTN-PTUDMNM-tcdt\\vendor\\laravel\\framework\\src\\Illuminate\\Routing\\Middleware\\SubstituteBindings.php(50): Illuminate\\Pipeline\\Pipeline->Illuminate\\Pipeline\\{closure}(Object(Illuminate\\Http\\Request))
#27 D:\\laravel\\BTN-PTUDMNM-tcdt\\vendor\\laravel\\framework\\src\\Illuminate\\Pipeline\\Pipeline.php(167): Illuminate\\Routing\\Middleware\\SubstituteBindings->handle(Object(Illuminate\\Http\\Request), Object(Closure))
#28 D:\\laravel\\BTN-PTUDMNM-tcdt\\vendor\\laravel\\framework\\src\\Illuminate\\Foundation\\Http\\Middleware\\VerifyCsrfToken.php(78): Illuminate\\Pipeline\\Pipeline->Illuminate\\Pipeline\\{closure}(Object(Illuminate\\Http\\Request))
#29 D:\\laravel\\BTN-PTUDMNM-tcdt\\vendor\\laravel\\framework\\src\\Illuminate\\Pipeline\\Pipeline.php(167): Illuminate\\Foundation\\Http\\Middleware\\VerifyCsrfToken->handle(Object(Illuminate\\Http\\Request), Object(Closure))
#30 D:\\laravel\\BTN-PTUDMNM-tcdt\\vendor\\laravel\\framework\\src\\Illuminate\\View\\Middleware\\ShareErrorsFromSession.php(49): Illuminate\\Pipeline\\Pipeline->Illuminate\\Pipeline\\{closure}(Object(Illuminate\\Http\\Request))
#31 D:\\laravel\\BTN-PTUDMNM-tcdt\\vendor\\laravel\\framework\\src\\Illuminate\\Pipeline\\Pipeline.php(167): Illuminate\\View\\Middleware\\ShareErrorsFromSession->handle(Object(Illuminate\\Http\\Request), Object(Closure))
#32 D:\\laravel\\BTN-PTUDMNM-tcdt\\vendor\\laravel\\framework\\src\\Illuminate\\Session\\Middleware\\StartSession.php(121): Illuminate\\Pipeline\\Pipeline->Illuminate\\Pipeline\\{closure}(Object(Illuminate\\Http\\Request))
#33 D:\\laravel\\BTN-PTUDMNM-tcdt\\vendor\\laravel\\framework\\src\\Illuminate\\Session\\Middleware\\StartSession.php(64): Illuminate\\Session\\Middleware\\StartSession->handleStatefulRequest(Object(Illuminate\\Http\\Request), Object(Illuminate\\Session\\Store), Object(Closure))
#34 D:\\laravel\\BTN-PTUDMNM-tcdt\\vendor\\laravel\\framework\\src\\Illuminate\\Pipeline\\Pipeline.php(167): Illuminate\\Session\\Middleware\\StartSession->handle(Object(Illuminate\\Http\\Request), Object(Closure))
#35 D:\\laravel\\BTN-PTUDMNM-tcdt\\vendor\\laravel\\framework\\src\\Illuminate\\Cookie\\Middleware\\AddQueuedCookiesToResponse.php(37): Illuminate\\Pipeline\\Pipeline->Illuminate\\Pipeline\\{closure}(Object(Illuminate\\Http\\Request))
#36 D:\\laravel\\BTN-PTUDMNM-tcdt\\vendor\\laravel\\framework\\src\\Illuminate\\Pipeline\\Pipeline.php(167): Illuminate\\Cookie\\Middleware\\AddQueuedCookiesToResponse->handle(Object(Illuminate\\Http\\Request), Object(Closure))
#37 D:\\laravel\\BTN-PTUDMNM-tcdt\\vendor\\laravel\\framework\\src\\Illuminate\\Cookie\\Middleware\\EncryptCookies.php(67): Illuminate\\Pipeline\\Pipeline->Illuminate\\Pipeline\\{closure}(Object(Illuminate\\Http\\Request))
#38 D:\\laravel\\BTN-PTUDMNM-tcdt\\vendor\\laravel\\framework\\src\\Illuminate\\Pipeline\\Pipeline.php(167): Illuminate\\Cookie\\Middleware\\EncryptCookies->handle(Object(Illuminate\\Http\\Request), Object(Closure))
#39 D:\\laravel\\BTN-PTUDMNM-tcdt\\vendor\\laravel\\framework\\src\\Illuminate\\Pipeline\\Pipeline.php(103): Illuminate\\Pipeline\\Pipeline->Illuminate\\Pipeline\\{closure}(Object(Illuminate\\Http\\Request))
#40 D:\\laravel\\BTN-PTUDMNM-tcdt\\vendor\\laravel\\framework\\src\\Illuminate\\Routing\\Router.php(719): Illuminate\\Pipeline\\Pipeline->then(Object(Closure))
#41 D:\\laravel\\BTN-PTUDMNM-tcdt\\vendor\\laravel\\framework\\src\\Illuminate\\Routing\\Router.php(698): Illuminate\\Routing\\Router->runRouteWithinStack(Object(Illuminate\\Routing\\Route), Object(Illuminate\\Http\\Request))
#42 D:\\laravel\\BTN-PTUDMNM-tcdt\\vendor\\laravel\\framework\\src\\Illuminate\\Routing\\Router.php(662): Illuminate\\Routing\\Router->runRoute(Object(Illuminate\\Http\\Request), Object(Illuminate\\Routing\\Route))
#43 D:\\laravel\\BTN-PTUDMNM-tcdt\\vendor\\laravel\\framework\\src\\Illuminate\\Routing\\Router.php(651): Illuminate\\Routing\\Router->dispatchToRoute(Object(Illuminate\\Http\\Request))
#44 D:\\laravel\\BTN-PTUDMNM-tcdt\\vendor\\laravel\\framework\\src\\Illuminate\\Foundation\\Http\\Kernel.php(167): Illuminate\\Routing\\Router->dispatch(Object(Illuminate\\Http\\Request))
#45 D:\\laravel\\BTN-PTUDMNM-tcdt\\vendor\\laravel\\framework\\src\\Illuminate\\Pipeline\\Pipeline.php(128): Illuminate\\Foundation\\Http\\Kernel->Illuminate\\Foundation\\Http\\{closure}(Object(Illuminate\\Http\\Request))
#46 D:\\laravel\\BTN-PTUDMNM-tcdt\\vendor\\laravel\\framework\\src\\Illuminate\\Foundation\\Http\\Middleware\\TransformsRequest.php(21): Illuminate\\Pipeline\\Pipeline->Illuminate\\Pipeline\\{closure}(Object(Illuminate\\Http\\Request))
#47 D:\\laravel\\BTN-PTUDMNM-tcdt\\vendor\\laravel\\framework\\src\\Illuminate\\Foundation\\Http\\Middleware\\ConvertEmptyStringsToNull.php(31): Illuminate\\Foundation\\Http\\Middleware\\TransformsRequest->handle(Object(Illuminate\\Http\\Request), Object(Closure))
#48 D:\\laravel\\BTN-PTUDMNM-tcdt\\vendor\\laravel\\framework\\src\\Illuminate\\Pipeline\\Pipeline.php(167): Illuminate\\Foundation\\Http\\Middleware\\ConvertEmptyStringsToNull->handle(Object(Illuminate\\Http\\Request), Object(Closure))
#49 D:\\laravel\\BTN-PTUDMNM-tcdt\\vendor\\laravel\\framework\\src\\Illuminate\\Foundation\\Http\\Middleware\\TransformsRequest.php(21): Illuminate\\Pipeline\\Pipeline->Illuminate\\Pipeline\\{closure}(Object(Illuminate\\Http\\Request))
#50 D:\\laravel\\BTN-PTUDMNM-tcdt\\vendor\\laravel\\framework\\src\\Illuminate\\Foundation\\Http\\Middleware\\TrimStrings.php(40): Illuminate\\Foundation\\Http\\Middleware\\TransformsRequest->handle(Object(Illuminate\\Http\\Request), Object(Closure))
#51 D:\\laravel\\BTN-PTUDMNM-tcdt\\vendor\\laravel\\framework\\src\\Illuminate\\Pipeline\\Pipeline.php(167): Illuminate\\Foundation\\Http\\Middleware\\TrimStrings->handle(Object(Illuminate\\Http\\Request), Object(Closure))
#52 D:\\laravel\\BTN-PTUDMNM-tcdt\\vendor\\laravel\\framework\\src\\Illuminate\\Foundation\\Http\\Middleware\\ValidatePostSize.php(27): Illuminate\\Pipeline\\Pipeline->Illuminate\\Pipeline\\{closure}(Object(Illuminate\\Http\\Request))
#53 D:\\laravel\\BTN-PTUDMNM-tcdt\\vendor\\laravel\\framework\\src\\Illuminate\\Pipeline\\Pipeline.php(167): Illuminate\\Foundation\\Http\\Middleware\\ValidatePostSize->handle(Object(Illuminate\\Http\\Request), Object(Closure))
#54 D:\\laravel\\BTN-PTUDMNM-tcdt\\vendor\\laravel\\framework\\src\\Illuminate\\Foundation\\Http\\Middleware\\PreventRequestsDuringMaintenance.php(86): Illuminate\\Pipeline\\Pipeline->Illuminate\\Pipeline\\{closure}(Object(Illuminate\\Http\\Request))
#55 D:\\laravel\\BTN-PTUDMNM-tcdt\\vendor\\laravel\\framework\\src\\Illuminate\\Pipeline\\Pipeline.php(167): Illuminate\\Foundation\\Http\\Middleware\\PreventRequestsDuringMaintenance->handle(Object(Illuminate\\Http\\Request), Object(Closure))
#56 D:\\laravel\\BTN-PTUDMNM-tcdt\\vendor\\laravel\\framework\\src\\Illuminate\\Http\\Middleware\\TrustProxies.php(39): Illuminate\\Pipeline\\Pipeline->Illuminate\\Pipeline\\{closure}(Object(Illuminate\\Http\\Request))
#57 D:\\laravel\\BTN-PTUDMNM-tcdt\\vendor\\laravel\\framework\\src\\Illuminate\\Pipeline\\Pipeline.php(167): Illuminate\\Http\\Middleware\\TrustProxies->handle(Object(Illuminate\\Http\\Request), Object(Closure))
#58 D:\\laravel\\BTN-PTUDMNM-tcdt\\vendor\\laravel\\framework\\src\\Illuminate\\Pipeline\\Pipeline.php(103): Illuminate\\Pipeline\\Pipeline->Illuminate\\Pipeline\\{closure}(Object(Illuminate\\Http\\Request))
#59 D:\\laravel\\BTN-PTUDMNM-tcdt\\vendor\\laravel\\framework\\src\\Illuminate\\Foundation\\Http\\Kernel.php(142): Illuminate\\Pipeline\\Pipeline->then(Object(Closure))
#60 D:\\laravel\\BTN-PTUDMNM-tcdt\\vendor\\laravel\\framework\\src\\Illuminate\\Foundation\\Http\\Kernel.php(111): Illuminate\\Foundation\\Http\\Kernel->sendRequestThroughRouter(Object(Illuminate\\Http\\Request))
#61 D:\\laravel\\BTN-PTUDMNM-tcdt\\public\\index.php(51): Illuminate\\Foundation\\Http\\Kernel->handle(Object(Illuminate\\Http\\Request))
#62 D:\\laravel\\BTN-PTUDMNM-tcdt\\server.php(21): require_once('D:\\\\laravel\\\\BTN-...')
#63 {main}
"} 
[2025-04-12 21:19:53] local.ERROR: View [layouts.footer] not found. (View: D:\laravel\BTN-PTUDMNM-tcdt\resources\views\layouts\app.blade.php) {"view":{"view":"D:\\laravel\\BTN-PTUDMNM-tcdt\\vendor\\laravel\\framework\\src\\Illuminate\\View\\FileViewFinder.php","data":[]},"exception":"[object] (Facade\\Ignition\\Exceptions\\ViewException(code: 0): View [layouts.footer] not found. (View: D:\\laravel\\BTN-PTUDMNM-tcdt\\resources\\views\\layouts\\app.blade.php) at D:\\laravel\\BTN-PTUDMNM-tcdt\\vendor\\laravel\\framework\\src\\Illuminate\\View\\FileViewFinder.php:137)
[stacktrace]
#0 D:\\laravel\\BTN-PTUDMNM-tcdt\\vendor\\laravel\\framework\\src\\Illuminate\\View\\FileViewFinder.php(79): Illuminate\\View\\FileViewFinder->findInPaths('layouts.footer', Array)
#1 D:\\laravel\\BTN-PTUDMNM-tcdt\\vendor\\laravel\\framework\\src\\Illuminate\\View\\Factory.php(137): Illuminate\\View\\FileViewFinder->find('layouts.footer')
#2 D:\\laravel\\BTN-PTUDMNM-tcdt\\resources\\views/layouts/app.blade.php(24): Illuminate\\View\\Factory->make('layouts.footer', Array)
#3 D:\\laravel\\BTN-PTUDMNM-tcdt\\vendor\\laravel\\framework\\src\\Illuminate\\Filesystem\\Filesystem.php(107): require('D:\\\\laravel\\\\BTN-...')
#4 D:\\laravel\\BTN-PTUDMNM-tcdt\\vendor\\laravel\\framework\\src\\Illuminate\\Filesystem\\Filesystem.php(108): Illuminate\\Filesystem\\Filesystem::Illuminate\\Filesystem\\{closure}()
#5 D:\\laravel\\BTN-PTUDMNM-tcdt\\vendor\\laravel\\framework\\src\\Illuminate\\View\\Engines\\PhpEngine.php(58): Illuminate\\Filesystem\\Filesystem->getRequire('D:\\\\laravel\\\\BTN-...', Array)
#6 D:\\laravel\\BTN-PTUDMNM-tcdt\\vendor\\laravel\\framework\\src\\Illuminate\\View\\Engines\\CompilerEngine.php(61): Illuminate\\View\\Engines\\PhpEngine->evaluatePath('D:\\\\laravel\\\\BTN-...', Array)
#7 D:\\laravel\\BTN-PTUDMNM-tcdt\\vendor\\facade\\ignition\\src\\Views\\Engines\\CompilerEngine.php(37): Illuminate\\View\\Engines\\CompilerEngine->get('D:\\\\laravel\\\\BTN-...', Array)
#8 D:\\laravel\\BTN-PTUDMNM-tcdt\\vendor\\laravel\\framework\\src\\Illuminate\\View\\View.php(139): Facade\\Ignition\\Views\\Engines\\CompilerEngine->get('D:\\\\laravel\\\\BTN-...', Array)
#9 D:\\laravel\\BTN-PTUDMNM-tcdt\\vendor\\laravel\\framework\\src\\Illuminate\\View\\View.php(122): Illuminate\\View\\View->getContents()
#10 D:\\laravel\\BTN-PTUDMNM-tcdt\\vendor\\laravel\\framework\\src\\Illuminate\\View\\View.php(91): Illuminate\\View\\View->renderContents()
#11 D:\\laravel\\BTN-PTUDMNM-tcdt\\resources\\views/booking_form.blade.php(458): Illuminate\\View\\View->render()
#12 D:\\laravel\\BTN-PTUDMNM-tcdt\\vendor\\laravel\\framework\\src\\Illuminate\\Filesystem\\Filesystem.php(107): require('D:\\\\laravel\\\\BTN-...')
#13 D:\\laravel\\BTN-PTUDMNM-tcdt\\vendor\\laravel\\framework\\src\\Illuminate\\Filesystem\\Filesystem.php(108): Illuminate\\Filesystem\\Filesystem::Illuminate\\Filesystem\\{closure}()
#14 D:\\laravel\\BTN-PTUDMNM-tcdt\\vendor\\laravel\\framework\\src\\Illuminate\\View\\Engines\\PhpEngine.php(58): Illuminate\\Filesystem\\Filesystem->getRequire('D:\\\\laravel\\\\BTN-...', Array)
#15 D:\\laravel\\BTN-PTUDMNM-tcdt\\vendor\\laravel\\framework\\src\\Illuminate\\View\\Engines\\CompilerEngine.php(61): Illuminate\\View\\Engines\\PhpEngine->evaluatePath('D:\\\\laravel\\\\BTN-...', Array)
#16 D:\\laravel\\BTN-PTUDMNM-tcdt\\vendor\\facade\\ignition\\src\\Views\\Engines\\CompilerEngine.php(37): Illuminate\\View\\Engines\\CompilerEngine->get('D:\\\\laravel\\\\BTN-...', Array)
#17 D:\\laravel\\BTN-PTUDMNM-tcdt\\vendor\\laravel\\framework\\src\\Illuminate\\View\\View.php(139): Facade\\Ignition\\Views\\Engines\\CompilerEngine->get('D:\\\\laravel\\\\BTN-...', Array)
#18 D:\\laravel\\BTN-PTUDMNM-tcdt\\vendor\\laravel\\framework\\src\\Illuminate\\View\\View.php(122): Illuminate\\View\\View->getContents()
#19 D:\\laravel\\BTN-PTUDMNM-tcdt\\vendor\\laravel\\framework\\src\\Illuminate\\View\\View.php(91): Illuminate\\View\\View->renderContents()
#20 D:\\laravel\\BTN-PTUDMNM-tcdt\\vendor\\laravel\\framework\\src\\Illuminate\\Http\\Response.php(69): Illuminate\\View\\View->render()
#21 D:\\laravel\\BTN-PTUDMNM-tcdt\\vendor\\laravel\\framework\\src\\Illuminate\\Http\\Response.php(35): Illuminate\\Http\\Response->setContent(Object(Illuminate\\View\\View))
#22 D:\\laravel\\BTN-PTUDMNM-tcdt\\vendor\\laravel\\framework\\src\\Illuminate\\Routing\\Router.php(820): Illuminate\\Http\\Response->__construct(Object(Illuminate\\View\\View), 200, Array)
#23 D:\\laravel\\BTN-PTUDMNM-tcdt\\vendor\\laravel\\framework\\src\\Illuminate\\Routing\\Router.php(789): Illuminate\\Routing\\Router::toResponse(Object(Illuminate\\Http\\Request), Object(Illuminate\\View\\View))
#24 D:\\laravel\\BTN-PTUDMNM-tcdt\\vendor\\laravel\\framework\\src\\Illuminate\\Routing\\Router.php(720): Illuminate\\Routing\\Router->prepareResponse(Object(Illuminate\\Http\\Request), Object(Illuminate\\View\\View))
#25 D:\\laravel\\BTN-PTUDMNM-tcdt\\vendor\\laravel\\framework\\src\\Illuminate\\Pipeline\\Pipeline.php(128): Illuminate\\Routing\\Router->Illuminate\\Routing\\{closure}(Object(Illuminate\\Http\\Request))
#26 D:\\laravel\\BTN-PTUDMNM-tcdt\\vendor\\laravel\\framework\\src\\Illuminate\\Routing\\Middleware\\SubstituteBindings.php(50): Illuminate\\Pipeline\\Pipeline->Illuminate\\Pipeline\\{closure}(Object(Illuminate\\Http\\Request))
#27 D:\\laravel\\BTN-PTUDMNM-tcdt\\vendor\\laravel\\framework\\src\\Illuminate\\Pipeline\\Pipeline.php(167): Illuminate\\Routing\\Middleware\\SubstituteBindings->handle(Object(Illuminate\\Http\\Request), Object(Closure))
#28 D:\\laravel\\BTN-PTUDMNM-tcdt\\vendor\\laravel\\framework\\src\\Illuminate\\Foundation\\Http\\Middleware\\VerifyCsrfToken.php(78): Illuminate\\Pipeline\\Pipeline->Illuminate\\Pipeline\\{closure}(Object(Illuminate\\Http\\Request))
#29 D:\\laravel\\BTN-PTUDMNM-tcdt\\vendor\\laravel\\framework\\src\\Illuminate\\Pipeline\\Pipeline.php(167): Illuminate\\Foundation\\Http\\Middleware\\VerifyCsrfToken->handle(Object(Illuminate\\Http\\Request), Object(Closure))
#30 D:\\laravel\\BTN-PTUDMNM-tcdt\\vendor\\laravel\\framework\\src\\Illuminate\\View\\Middleware\\ShareErrorsFromSession.php(49): Illuminate\\Pipeline\\Pipeline->Illuminate\\Pipeline\\{closure}(Object(Illuminate\\Http\\Request))
#31 D:\\laravel\\BTN-PTUDMNM-tcdt\\vendor\\laravel\\framework\\src\\Illuminate\\Pipeline\\Pipeline.php(167): Illuminate\\View\\Middleware\\ShareErrorsFromSession->handle(Object(Illuminate\\Http\\Request), Object(Closure))
#32 D:\\laravel\\BTN-PTUDMNM-tcdt\\vendor\\laravel\\framework\\src\\Illuminate\\Session\\Middleware\\StartSession.php(121): Illuminate\\Pipeline\\Pipeline->Illuminate\\Pipeline\\{closure}(Object(Illuminate\\Http\\Request))
#33 D:\\laravel\\BTN-PTUDMNM-tcdt\\vendor\\laravel\\framework\\src\\Illuminate\\Session\\Middleware\\StartSession.php(64): Illuminate\\Session\\Middleware\\StartSession->handleStatefulRequest(Object(Illuminate\\Http\\Request), Object(Illuminate\\Session\\Store), Object(Closure))
#34 D:\\laravel\\BTN-PTUDMNM-tcdt\\vendor\\laravel\\framework\\src\\Illuminate\\Pipeline\\Pipeline.php(167): Illuminate\\Session\\Middleware\\StartSession->handle(Object(Illuminate\\Http\\Request), Object(Closure))
#35 D:\\laravel\\BTN-PTUDMNM-tcdt\\vendor\\laravel\\framework\\src\\Illuminate\\Cookie\\Middleware\\AddQueuedCookiesToResponse.php(37): Illuminate\\Pipeline\\Pipeline->Illuminate\\Pipeline\\{closure}(Object(Illuminate\\Http\\Request))
#36 D:\\laravel\\BTN-PTUDMNM-tcdt\\vendor\\laravel\\framework\\src\\Illuminate\\Pipeline\\Pipeline.php(167): Illuminate\\Cookie\\Middleware\\AddQueuedCookiesToResponse->handle(Object(Illuminate\\Http\\Request), Object(Closure))
#37 D:\\laravel\\BTN-PTUDMNM-tcdt\\vendor\\laravel\\framework\\src\\Illuminate\\Cookie\\Middleware\\EncryptCookies.php(67): Illuminate\\Pipeline\\Pipeline->Illuminate\\Pipeline\\{closure}(Object(Illuminate\\Http\\Request))
#38 D:\\laravel\\BTN-PTUDMNM-tcdt\\vendor\\laravel\\framework\\src\\Illuminate\\Pipeline\\Pipeline.php(167): Illuminate\\Cookie\\Middleware\\EncryptCookies->handle(Object(Illuminate\\Http\\Request), Object(Closure))
#39 D:\\laravel\\BTN-PTUDMNM-tcdt\\vendor\\laravel\\framework\\src\\Illuminate\\Pipeline\\Pipeline.php(103): Illuminate\\Pipeline\\Pipeline->Illuminate\\Pipeline\\{closure}(Object(Illuminate\\Http\\Request))
#40 D:\\laravel\\BTN-PTUDMNM-tcdt\\vendor\\laravel\\framework\\src\\Illuminate\\Routing\\Router.php(719): Illuminate\\Pipeline\\Pipeline->then(Object(Closure))
#41 D:\\laravel\\BTN-PTUDMNM-tcdt\\vendor\\laravel\\framework\\src\\Illuminate\\Routing\\Router.php(698): Illuminate\\Routing\\Router->runRouteWithinStack(Object(Illuminate\\Routing\\Route), Object(Illuminate\\Http\\Request))
#42 D:\\laravel\\BTN-PTUDMNM-tcdt\\vendor\\laravel\\framework\\src\\Illuminate\\Routing\\Router.php(662): Illuminate\\Routing\\Router->runRoute(Object(Illuminate\\Http\\Request), Object(Illuminate\\Routing\\Route))
#43 D:\\laravel\\BTN-PTUDMNM-tcdt\\vendor\\laravel\\framework\\src\\Illuminate\\Routing\\Router.php(651): Illuminate\\Routing\\Router->dispatchToRoute(Object(Illuminate\\Http\\Request))
#44 D:\\laravel\\BTN-PTUDMNM-tcdt\\vendor\\laravel\\framework\\src\\Illuminate\\Foundation\\Http\\Kernel.php(167): Illuminate\\Routing\\Router->dispatch(Object(Illuminate\\Http\\Request))
#45 D:\\laravel\\BTN-PTUDMNM-tcdt\\vendor\\laravel\\framework\\src\\Illuminate\\Pipeline\\Pipeline.php(128): Illuminate\\Foundation\\Http\\Kernel->Illuminate\\Foundation\\Http\\{closure}(Object(Illuminate\\Http\\Request))
#46 D:\\laravel\\BTN-PTUDMNM-tcdt\\vendor\\laravel\\framework\\src\\Illuminate\\Foundation\\Http\\Middleware\\TransformsRequest.php(21): Illuminate\\Pipeline\\Pipeline->Illuminate\\Pipeline\\{closure}(Object(Illuminate\\Http\\Request))
#47 D:\\laravel\\BTN-PTUDMNM-tcdt\\vendor\\laravel\\framework\\src\\Illuminate\\Foundation\\Http\\Middleware\\ConvertEmptyStringsToNull.php(31): Illuminate\\Foundation\\Http\\Middleware\\TransformsRequest->handle(Object(Illuminate\\Http\\Request), Object(Closure))
#48 D:\\laravel\\BTN-PTUDMNM-tcdt\\vendor\\laravel\\framework\\src\\Illuminate\\Pipeline\\Pipeline.php(167): Illuminate\\Foundation\\Http\\Middleware\\ConvertEmptyStringsToNull->handle(Object(Illuminate\\Http\\Request), Object(Closure))
#49 D:\\laravel\\BTN-PTUDMNM-tcdt\\vendor\\laravel\\framework\\src\\Illuminate\\Foundation\\Http\\Middleware\\TransformsRequest.php(21): Illuminate\\Pipeline\\Pipeline->Illuminate\\Pipeline\\{closure}(Object(Illuminate\\Http\\Request))
#50 D:\\laravel\\BTN-PTUDMNM-tcdt\\vendor\\laravel\\framework\\src\\Illuminate\\Foundation\\Http\\Middleware\\TrimStrings.php(40): Illuminate\\Foundation\\Http\\Middleware\\TransformsRequest->handle(Object(Illuminate\\Http\\Request), Object(Closure))
#51 D:\\laravel\\BTN-PTUDMNM-tcdt\\vendor\\laravel\\framework\\src\\Illuminate\\Pipeline\\Pipeline.php(167): Illuminate\\Foundation\\Http\\Middleware\\TrimStrings->handle(Object(Illuminate\\Http\\Request), Object(Closure))
#52 D:\\laravel\\BTN-PTUDMNM-tcdt\\vendor\\laravel\\framework\\src\\Illuminate\\Foundation\\Http\\Middleware\\ValidatePostSize.php(27): Illuminate\\Pipeline\\Pipeline->Illuminate\\Pipeline\\{closure}(Object(Illuminate\\Http\\Request))
#53 D:\\laravel\\BTN-PTUDMNM-tcdt\\vendor\\laravel\\framework\\src\\Illuminate\\Pipeline\\Pipeline.php(167): Illuminate\\Foundation\\Http\\Middleware\\ValidatePostSize->handle(Object(Illuminate\\Http\\Request), Object(Closure))
#54 D:\\laravel\\BTN-PTUDMNM-tcdt\\vendor\\laravel\\framework\\src\\Illuminate\\Foundation\\Http\\Middleware\\PreventRequestsDuringMaintenance.php(86): Illuminate\\Pipeline\\Pipeline->Illuminate\\Pipeline\\{closure}(Object(Illuminate\\Http\\Request))
#55 D:\\laravel\\BTN-PTUDMNM-tcdt\\vendor\\laravel\\framework\\src\\Illuminate\\Pipeline\\Pipeline.php(167): Illuminate\\Foundation\\Http\\Middleware\\PreventRequestsDuringMaintenance->handle(Object(Illuminate\\Http\\Request), Object(Closure))
#56 D:\\laravel\\BTN-PTUDMNM-tcdt\\vendor\\laravel\\framework\\src\\Illuminate\\Http\\Middleware\\TrustProxies.php(39): Illuminate\\Pipeline\\Pipeline->Illuminate\\Pipeline\\{closure}(Object(Illuminate\\Http\\Request))
#57 D:\\laravel\\BTN-PTUDMNM-tcdt\\vendor\\laravel\\framework\\src\\Illuminate\\Pipeline\\Pipeline.php(167): Illuminate\\Http\\Middleware\\TrustProxies->handle(Object(Illuminate\\Http\\Request), Object(Closure))
#58 D:\\laravel\\BTN-PTUDMNM-tcdt\\vendor\\laravel\\framework\\src\\Illuminate\\Pipeline\\Pipeline.php(103): Illuminate\\Pipeline\\Pipeline->Illuminate\\Pipeline\\{closure}(Object(Illuminate\\Http\\Request))
#59 D:\\laravel\\BTN-PTUDMNM-tcdt\\vendor\\laravel\\framework\\src\\Illuminate\\Foundation\\Http\\Kernel.php(142): Illuminate\\Pipeline\\Pipeline->then(Object(Closure))
#60 D:\\laravel\\BTN-PTUDMNM-tcdt\\vendor\\laravel\\framework\\src\\Illuminate\\Foundation\\Http\\Kernel.php(111): Illuminate\\Foundation\\Http\\Kernel->sendRequestThroughRouter(Object(Illuminate\\Http\\Request))
#61 D:\\laravel\\BTN-PTUDMNM-tcdt\\public\\index.php(51): Illuminate\\Foundation\\Http\\Kernel->handle(Object(Illuminate\\Http\\Request))
#62 D:\\laravel\\BTN-PTUDMNM-tcdt\\server.php(21): require_once('D:\\\\laravel\\\\BTN-...')
#63 {main}

[previous exception] [object] (InvalidArgumentException(code: 0): View [layouts.footer] not found. at D:\\laravel\\BTN-PTUDMNM-tcdt\\vendor\\laravel\\framework\\src\\Illuminate\\View\\FileViewFinder.php:137)
[stacktrace]
#0 D:\\laravel\\BTN-PTUDMNM-tcdt\\vendor\\laravel\\framework\\src\\Illuminate\\View\\FileViewFinder.php(79): Illuminate\\View\\FileViewFinder->findInPaths('layouts.footer', Array)
#1 D:\\laravel\\BTN-PTUDMNM-tcdt\\vendor\\laravel\\framework\\src\\Illuminate\\View\\Factory.php(137): Illuminate\\View\\FileViewFinder->find('layouts.footer')
#2 D:\\laravel\\BTN-PTUDMNM-tcdt\\storage\\framework\\views\\68a23f6d9a6d90b3b3bf083a42eaaa2ebc74cd28.php(24): Illuminate\\View\\Factory->make('layouts.footer', Array)
#3 D:\\laravel\\BTN-PTUDMNM-tcdt\\vendor\\laravel\\framework\\src\\Illuminate\\Filesystem\\Filesystem.php(107): require('D:\\\\laravel\\\\BTN-...')
#4 D:\\laravel\\BTN-PTUDMNM-tcdt\\vendor\\laravel\\framework\\src\\Illuminate\\Filesystem\\Filesystem.php(108): Illuminate\\Filesystem\\Filesystem::Illuminate\\Filesystem\\{closure}()
#5 D:\\laravel\\BTN-PTUDMNM-tcdt\\vendor\\laravel\\framework\\src\\Illuminate\\View\\Engines\\PhpEngine.php(58): Illuminate\\Filesystem\\Filesystem->getRequire('D:\\\\laravel\\\\BTN-...', Array)
#6 D:\\laravel\\BTN-PTUDMNM-tcdt\\vendor\\laravel\\framework\\src\\Illuminate\\View\\Engines\\CompilerEngine.php(61): Illuminate\\View\\Engines\\PhpEngine->evaluatePath('D:\\\\laravel\\\\BTN-...', Array)
#7 D:\\laravel\\BTN-PTUDMNM-tcdt\\vendor\\facade\\ignition\\src\\Views\\Engines\\CompilerEngine.php(37): Illuminate\\View\\Engines\\CompilerEngine->get('D:\\\\laravel\\\\BTN-...', Array)
#8 D:\\laravel\\BTN-PTUDMNM-tcdt\\vendor\\laravel\\framework\\src\\Illuminate\\View\\View.php(139): Facade\\Ignition\\Views\\Engines\\CompilerEngine->get('D:\\\\laravel\\\\BTN-...', Array)
#9 D:\\laravel\\BTN-PTUDMNM-tcdt\\vendor\\laravel\\framework\\src\\Illuminate\\View\\View.php(122): Illuminate\\View\\View->getContents()
#10 D:\\laravel\\BTN-PTUDMNM-tcdt\\vendor\\laravel\\framework\\src\\Illuminate\\View\\View.php(91): Illuminate\\View\\View->renderContents()
#11 D:\\laravel\\BTN-PTUDMNM-tcdt\\storage\\framework\\views\\4b4bdc92342ecd72796016ebc5e422a797295625.php(458): Illuminate\\View\\View->render()
#12 D:\\laravel\\BTN-PTUDMNM-tcdt\\vendor\\laravel\\framework\\src\\Illuminate\\Filesystem\\Filesystem.php(107): require('D:\\\\laravel\\\\BTN-...')
#13 D:\\laravel\\BTN-PTUDMNM-tcdt\\vendor\\laravel\\framework\\src\\Illuminate\\Filesystem\\Filesystem.php(108): Illuminate\\Filesystem\\Filesystem::Illuminate\\Filesystem\\{closure}()
#14 D:\\laravel\\BTN-PTUDMNM-tcdt\\vendor\\laravel\\framework\\src\\Illuminate\\View\\Engines\\PhpEngine.php(58): Illuminate\\Filesystem\\Filesystem->getRequire('D:\\\\laravel\\\\BTN-...', Array)
#15 D:\\laravel\\BTN-PTUDMNM-tcdt\\vendor\\laravel\\framework\\src\\Illuminate\\View\\Engines\\CompilerEngine.php(61): Illuminate\\View\\Engines\\PhpEngine->evaluatePath('D:\\\\laravel\\\\BTN-...', Array)
#16 D:\\laravel\\BTN-PTUDMNM-tcdt\\vendor\\facade\\ignition\\src\\Views\\Engines\\CompilerEngine.php(37): Illuminate\\View\\Engines\\CompilerEngine->get('D:\\\\laravel\\\\BTN-...', Array)
#17 D:\\laravel\\BTN-PTUDMNM-tcdt\\vendor\\laravel\\framework\\src\\Illuminate\\View\\View.php(139): Facade\\Ignition\\Views\\Engines\\CompilerEngine->get('D:\\\\laravel\\\\BTN-...', Array)
#18 D:\\laravel\\BTN-PTUDMNM-tcdt\\vendor\\laravel\\framework\\src\\Illuminate\\View\\View.php(122): Illuminate\\View\\View->getContents()
#19 D:\\laravel\\BTN-PTUDMNM-tcdt\\vendor\\laravel\\framework\\src\\Illuminate\\View\\View.php(91): Illuminate\\View\\View->renderContents()
#20 D:\\laravel\\BTN-PTUDMNM-tcdt\\vendor\\laravel\\framework\\src\\Illuminate\\Http\\Response.php(69): Illuminate\\View\\View->render()
#21 D:\\laravel\\BTN-PTUDMNM-tcdt\\vendor\\laravel\\framework\\src\\Illuminate\\Http\\Response.php(35): Illuminate\\Http\\Response->setContent(Object(Illuminate\\View\\View))
#22 D:\\laravel\\BTN-PTUDMNM-tcdt\\vendor\\laravel\\framework\\src\\Illuminate\\Routing\\Router.php(820): Illuminate\\Http\\Response->__construct(Object(Illuminate\\View\\View), 200, Array)
#23 D:\\laravel\\BTN-PTUDMNM-tcdt\\vendor\\laravel\\framework\\src\\Illuminate\\Routing\\Router.php(789): Illuminate\\Routing\\Router::toResponse(Object(Illuminate\\Http\\Request), Object(Illuminate\\View\\View))
#24 D:\\laravel\\BTN-PTUDMNM-tcdt\\vendor\\laravel\\framework\\src\\Illuminate\\Routing\\Router.php(720): Illuminate\\Routing\\Router->prepareResponse(Object(Illuminate\\Http\\Request), Object(Illuminate\\View\\View))
#25 D:\\laravel\\BTN-PTUDMNM-tcdt\\vendor\\laravel\\framework\\src\\Illuminate\\Pipeline\\Pipeline.php(128): Illuminate\\Routing\\Router->Illuminate\\Routing\\{closure}(Object(Illuminate\\Http\\Request))
#26 D:\\laravel\\BTN-PTUDMNM-tcdt\\vendor\\laravel\\framework\\src\\Illuminate\\Routing\\Middleware\\SubstituteBindings.php(50): Illuminate\\Pipeline\\Pipeline->Illuminate\\Pipeline\\{closure}(Object(Illuminate\\Http\\Request))
#27 D:\\laravel\\BTN-PTUDMNM-tcdt\\vendor\\laravel\\framework\\src\\Illuminate\\Pipeline\\Pipeline.php(167): Illuminate\\Routing\\Middleware\\SubstituteBindings->handle(Object(Illuminate\\Http\\Request), Object(Closure))
#28 D:\\laravel\\BTN-PTUDMNM-tcdt\\vendor\\laravel\\framework\\src\\Illuminate\\Foundation\\Http\\Middleware\\VerifyCsrfToken.php(78): Illuminate\\Pipeline\\Pipeline->Illuminate\\Pipeline\\{closure}(Object(Illuminate\\Http\\Request))
#29 D:\\laravel\\BTN-PTUDMNM-tcdt\\vendor\\laravel\\framework\\src\\Illuminate\\Pipeline\\Pipeline.php(167): Illuminate\\Foundation\\Http\\Middleware\\VerifyCsrfToken->handle(Object(Illuminate\\Http\\Request), Object(Closure))
#30 D:\\laravel\\BTN-PTUDMNM-tcdt\\vendor\\laravel\\framework\\src\\Illuminate\\View\\Middleware\\ShareErrorsFromSession.php(49): Illuminate\\Pipeline\\Pipeline->Illuminate\\Pipeline\\{closure}(Object(Illuminate\\Http\\Request))
#31 D:\\laravel\\BTN-PTUDMNM-tcdt\\vendor\\laravel\\framework\\src\\Illuminate\\Pipeline\\Pipeline.php(167): Illuminate\\View\\Middleware\\ShareErrorsFromSession->handle(Object(Illuminate\\Http\\Request), Object(Closure))
#32 D:\\laravel\\BTN-PTUDMNM-tcdt\\vendor\\laravel\\framework\\src\\Illuminate\\Session\\Middleware\\StartSession.php(121): Illuminate\\Pipeline\\Pipeline->Illuminate\\Pipeline\\{closure}(Object(Illuminate\\Http\\Request))
#33 D:\\laravel\\BTN-PTUDMNM-tcdt\\vendor\\laravel\\framework\\src\\Illuminate\\Session\\Middleware\\StartSession.php(64): Illuminate\\Session\\Middleware\\StartSession->handleStatefulRequest(Object(Illuminate\\Http\\Request), Object(Illuminate\\Session\\Store), Object(Closure))
#34 D:\\laravel\\BTN-PTUDMNM-tcdt\\vendor\\laravel\\framework\\src\\Illuminate\\Pipeline\\Pipeline.php(167): Illuminate\\Session\\Middleware\\StartSession->handle(Object(Illuminate\\Http\\Request), Object(Closure))
#35 D:\\laravel\\BTN-PTUDMNM-tcdt\\vendor\\laravel\\framework\\src\\Illuminate\\Cookie\\Middleware\\AddQueuedCookiesToResponse.php(37): Illuminate\\Pipeline\\Pipeline->Illuminate\\Pipeline\\{closure}(Object(Illuminate\\Http\\Request))
#36 D:\\laravel\\BTN-PTUDMNM-tcdt\\vendor\\laravel\\framework\\src\\Illuminate\\Pipeline\\Pipeline.php(167): Illuminate\\Cookie\\Middleware\\AddQueuedCookiesToResponse->handle(Object(Illuminate\\Http\\Request), Object(Closure))
#37 D:\\laravel\\BTN-PTUDMNM-tcdt\\vendor\\laravel\\framework\\src\\Illuminate\\Cookie\\Middleware\\EncryptCookies.php(67): Illuminate\\Pipeline\\Pipeline->Illuminate\\Pipeline\\{closure}(Object(Illuminate\\Http\\Request))
#38 D:\\laravel\\BTN-PTUDMNM-tcdt\\vendor\\laravel\\framework\\src\\Illuminate\\Pipeline\\Pipeline.php(167): Illuminate\\Cookie\\Middleware\\EncryptCookies->handle(Object(Illuminate\\Http\\Request), Object(Closure))
#39 D:\\laravel\\BTN-PTUDMNM-tcdt\\vendor\\laravel\\framework\\src\\Illuminate\\Pipeline\\Pipeline.php(103): Illuminate\\Pipeline\\Pipeline->Illuminate\\Pipeline\\{closure}(Object(Illuminate\\Http\\Request))
#40 D:\\laravel\\BTN-PTUDMNM-tcdt\\vendor\\laravel\\framework\\src\\Illuminate\\Routing\\Router.php(719): Illuminate\\Pipeline\\Pipeline->then(Object(Closure))
#41 D:\\laravel\\BTN-PTUDMNM-tcdt\\vendor\\laravel\\framework\\src\\Illuminate\\Routing\\Router.php(698): Illuminate\\Routing\\Router->runRouteWithinStack(Object(Illuminate\\Routing\\Route), Object(Illuminate\\Http\\Request))
#42 D:\\laravel\\BTN-PTUDMNM-tcdt\\vendor\\laravel\\framework\\src\\Illuminate\\Routing\\Router.php(662): Illuminate\\Routing\\Router->runRoute(Object(Illuminate\\Http\\Request), Object(Illuminate\\Routing\\Route))
#43 D:\\laravel\\BTN-PTUDMNM-tcdt\\vendor\\laravel\\framework\\src\\Illuminate\\Routing\\Router.php(651): Illuminate\\Routing\\Router->dispatchToRoute(Object(Illuminate\\Http\\Request))
#44 D:\\laravel\\BTN-PTUDMNM-tcdt\\vendor\\laravel\\framework\\src\\Illuminate\\Foundation\\Http\\Kernel.php(167): Illuminate\\Routing\\Router->dispatch(Object(Illuminate\\Http\\Request))
#45 D:\\laravel\\BTN-PTUDMNM-tcdt\\vendor\\laravel\\framework\\src\\Illuminate\\Pipeline\\Pipeline.php(128): Illuminate\\Foundation\\Http\\Kernel->Illuminate\\Foundation\\Http\\{closure}(Object(Illuminate\\Http\\Request))
#46 D:\\laravel\\BTN-PTUDMNM-tcdt\\vendor\\laravel\\framework\\src\\Illuminate\\Foundation\\Http\\Middleware\\TransformsRequest.php(21): Illuminate\\Pipeline\\Pipeline->Illuminate\\Pipeline\\{closure}(Object(Illuminate\\Http\\Request))
#47 D:\\laravel\\BTN-PTUDMNM-tcdt\\vendor\\laravel\\framework\\src\\Illuminate\\Foundation\\Http\\Middleware\\ConvertEmptyStringsToNull.php(31): Illuminate\\Foundation\\Http\\Middleware\\TransformsRequest->handle(Object(Illuminate\\Http\\Request), Object(Closure))
#48 D:\\laravel\\BTN-PTUDMNM-tcdt\\vendor\\laravel\\framework\\src\\Illuminate\\Pipeline\\Pipeline.php(167): Illuminate\\Foundation\\Http\\Middleware\\ConvertEmptyStringsToNull->handle(Object(Illuminate\\Http\\Request), Object(Closure))
#49 D:\\laravel\\BTN-PTUDMNM-tcdt\\vendor\\laravel\\framework\\src\\Illuminate\\Foundation\\Http\\Middleware\\TransformsRequest.php(21): Illuminate\\Pipeline\\Pipeline->Illuminate\\Pipeline\\{closure}(Object(Illuminate\\Http\\Request))
#50 D:\\laravel\\BTN-PTUDMNM-tcdt\\vendor\\laravel\\framework\\src\\Illuminate\\Foundation\\Http\\Middleware\\TrimStrings.php(40): Illuminate\\Foundation\\Http\\Middleware\\TransformsRequest->handle(Object(Illuminate\\Http\\Request), Object(Closure))
#51 D:\\laravel\\BTN-PTUDMNM-tcdt\\vendor\\laravel\\framework\\src\\Illuminate\\Pipeline\\Pipeline.php(167): Illuminate\\Foundation\\Http\\Middleware\\TrimStrings->handle(Object(Illuminate\\Http\\Request), Object(Closure))
#52 D:\\laravel\\BTN-PTUDMNM-tcdt\\vendor\\laravel\\framework\\src\\Illuminate\\Foundation\\Http\\Middleware\\ValidatePostSize.php(27): Illuminate\\Pipeline\\Pipeline->Illuminate\\Pipeline\\{closure}(Object(Illuminate\\Http\\Request))
#53 D:\\laravel\\BTN-PTUDMNM-tcdt\\vendor\\laravel\\framework\\src\\Illuminate\\Pipeline\\Pipeline.php(167): Illuminate\\Foundation\\Http\\Middleware\\ValidatePostSize->handle(Object(Illuminate\\Http\\Request), Object(Closure))
#54 D:\\laravel\\BTN-PTUDMNM-tcdt\\vendor\\laravel\\framework\\src\\Illuminate\\Foundation\\Http\\Middleware\\PreventRequestsDuringMaintenance.php(86): Illuminate\\Pipeline\\Pipeline->Illuminate\\Pipeline\\{closure}(Object(Illuminate\\Http\\Request))
#55 D:\\laravel\\BTN-PTUDMNM-tcdt\\vendor\\laravel\\framework\\src\\Illuminate\\Pipeline\\Pipeline.php(167): Illuminate\\Foundation\\Http\\Middleware\\PreventRequestsDuringMaintenance->handle(Object(Illuminate\\Http\\Request), Object(Closure))
#56 D:\\laravel\\BTN-PTUDMNM-tcdt\\vendor\\laravel\\framework\\src\\Illuminate\\Http\\Middleware\\TrustProxies.php(39): Illuminate\\Pipeline\\Pipeline->Illuminate\\Pipeline\\{closure}(Object(Illuminate\\Http\\Request))
#57 D:\\laravel\\BTN-PTUDMNM-tcdt\\vendor\\laravel\\framework\\src\\Illuminate\\Pipeline\\Pipeline.php(167): Illuminate\\Http\\Middleware\\TrustProxies->handle(Object(Illuminate\\Http\\Request), Object(Closure))
#58 D:\\laravel\\BTN-PTUDMNM-tcdt\\vendor\\laravel\\framework\\src\\Illuminate\\Pipeline\\Pipeline.php(103): Illuminate\\Pipeline\\Pipeline->Illuminate\\Pipeline\\{closure}(Object(Illuminate\\Http\\Request))
#59 D:\\laravel\\BTN-PTUDMNM-tcdt\\vendor\\laravel\\framework\\src\\Illuminate\\Foundation\\Http\\Kernel.php(142): Illuminate\\Pipeline\\Pipeline->then(Object(Closure))
#60 D:\\laravel\\BTN-PTUDMNM-tcdt\\vendor\\laravel\\framework\\src\\Illuminate\\Foundation\\Http\\Kernel.php(111): Illuminate\\Foundation\\Http\\Kernel->sendRequestThroughRouter(Object(Illuminate\\Http\\Request))
#61 D:\\laravel\\BTN-PTUDMNM-tcdt\\public\\index.php(51): Illuminate\\Foundation\\Http\\Kernel->handle(Object(Illuminate\\Http\\Request))
#62 D:\\laravel\\BTN-PTUDMNM-tcdt\\server.php(21): require_once('D:\\\\laravel\\\\BTN-...')
#63 {main}
"} 
[2025-04-12 21:19:57] local.ERROR: View [layouts.footer] not found. (View: D:\laravel\BTN-PTUDMNM-tcdt\resources\views\layouts\app.blade.php) {"view":{"view":"D:\\laravel\\BTN-PTUDMNM-tcdt\\vendor\\laravel\\framework\\src\\Illuminate\\View\\FileViewFinder.php","data":[]},"exception":"[object] (Facade\\Ignition\\Exceptions\\ViewException(code: 0): View [layouts.footer] not found. (View: D:\\laravel\\BTN-PTUDMNM-tcdt\\resources\\views\\layouts\\app.blade.php) at D:\\laravel\\BTN-PTUDMNM-tcdt\\vendor\\laravel\\framework\\src\\Illuminate\\View\\FileViewFinder.php:137)
[stacktrace]
#0 D:\\laravel\\BTN-PTUDMNM-tcdt\\vendor\\laravel\\framework\\src\\Illuminate\\View\\FileViewFinder.php(79): Illuminate\\View\\FileViewFinder->findInPaths('layouts.footer', Array)
#1 D:\\laravel\\BTN-PTUDMNM-tcdt\\vendor\\laravel\\framework\\src\\Illuminate\\View\\Factory.php(137): Illuminate\\View\\FileViewFinder->find('layouts.footer')
#2 D:\\laravel\\BTN-PTUDMNM-tcdt\\resources\\views/layouts/app.blade.php(24): Illuminate\\View\\Factory->make('layouts.footer', Array)
#3 D:\\laravel\\BTN-PTUDMNM-tcdt\\vendor\\laravel\\framework\\src\\Illuminate\\Filesystem\\Filesystem.php(107): require('D:\\\\laravel\\\\BTN-...')
#4 D:\\laravel\\BTN-PTUDMNM-tcdt\\vendor\\laravel\\framework\\src\\Illuminate\\Filesystem\\Filesystem.php(108): Illuminate\\Filesystem\\Filesystem::Illuminate\\Filesystem\\{closure}()
#5 D:\\laravel\\BTN-PTUDMNM-tcdt\\vendor\\laravel\\framework\\src\\Illuminate\\View\\Engines\\PhpEngine.php(58): Illuminate\\Filesystem\\Filesystem->getRequire('D:\\\\laravel\\\\BTN-...', Array)
#6 D:\\laravel\\BTN-PTUDMNM-tcdt\\vendor\\laravel\\framework\\src\\Illuminate\\View\\Engines\\CompilerEngine.php(61): Illuminate\\View\\Engines\\PhpEngine->evaluatePath('D:\\\\laravel\\\\BTN-...', Array)
#7 D:\\laravel\\BTN-PTUDMNM-tcdt\\vendor\\facade\\ignition\\src\\Views\\Engines\\CompilerEngine.php(37): Illuminate\\View\\Engines\\CompilerEngine->get('D:\\\\laravel\\\\BTN-...', Array)
#8 D:\\laravel\\BTN-PTUDMNM-tcdt\\vendor\\laravel\\framework\\src\\Illuminate\\View\\View.php(139): Facade\\Ignition\\Views\\Engines\\CompilerEngine->get('D:\\\\laravel\\\\BTN-...', Array)
#9 D:\\laravel\\BTN-PTUDMNM-tcdt\\vendor\\laravel\\framework\\src\\Illuminate\\View\\View.php(122): Illuminate\\View\\View->getContents()
#10 D:\\laravel\\BTN-PTUDMNM-tcdt\\vendor\\laravel\\framework\\src\\Illuminate\\View\\View.php(91): Illuminate\\View\\View->renderContents()
#11 D:\\laravel\\BTN-PTUDMNM-tcdt\\resources\\views/booking_form.blade.php(458): Illuminate\\View\\View->render()
#12 D:\\laravel\\BTN-PTUDMNM-tcdt\\vendor\\laravel\\framework\\src\\Illuminate\\Filesystem\\Filesystem.php(107): require('D:\\\\laravel\\\\BTN-...')
#13 D:\\laravel\\BTN-PTUDMNM-tcdt\\vendor\\laravel\\framework\\src\\Illuminate\\Filesystem\\Filesystem.php(108): Illuminate\\Filesystem\\Filesystem::Illuminate\\Filesystem\\{closure}()
#14 D:\\laravel\\BTN-PTUDMNM-tcdt\\vendor\\laravel\\framework\\src\\Illuminate\\View\\Engines\\PhpEngine.php(58): Illuminate\\Filesystem\\Filesystem->getRequire('D:\\\\laravel\\\\BTN-...', Array)
#15 D:\\laravel\\BTN-PTUDMNM-tcdt\\vendor\\laravel\\framework\\src\\Illuminate\\View\\Engines\\CompilerEngine.php(61): Illuminate\\View\\Engines\\PhpEngine->evaluatePath('D:\\\\laravel\\\\BTN-...', Array)
#16 D:\\laravel\\BTN-PTUDMNM-tcdt\\vendor\\facade\\ignition\\src\\Views\\Engines\\CompilerEngine.php(37): Illuminate\\View\\Engines\\CompilerEngine->get('D:\\\\laravel\\\\BTN-...', Array)
#17 D:\\laravel\\BTN-PTUDMNM-tcdt\\vendor\\laravel\\framework\\src\\Illuminate\\View\\View.php(139): Facade\\Ignition\\Views\\Engines\\CompilerEngine->get('D:\\\\laravel\\\\BTN-...', Array)
#18 D:\\laravel\\BTN-PTUDMNM-tcdt\\vendor\\laravel\\framework\\src\\Illuminate\\View\\View.php(122): Illuminate\\View\\View->getContents()
#19 D:\\laravel\\BTN-PTUDMNM-tcdt\\vendor\\laravel\\framework\\src\\Illuminate\\View\\View.php(91): Illuminate\\View\\View->renderContents()
#20 D:\\laravel\\BTN-PTUDMNM-tcdt\\vendor\\laravel\\framework\\src\\Illuminate\\Http\\Response.php(69): Illuminate\\View\\View->render()
#21 D:\\laravel\\BTN-PTUDMNM-tcdt\\vendor\\laravel\\framework\\src\\Illuminate\\Http\\Response.php(35): Illuminate\\Http\\Response->setContent(Object(Illuminate\\View\\View))
#22 D:\\laravel\\BTN-PTUDMNM-tcdt\\vendor\\laravel\\framework\\src\\Illuminate\\Routing\\Router.php(820): Illuminate\\Http\\Response->__construct(Object(Illuminate\\View\\View), 200, Array)
#23 D:\\laravel\\BTN-PTUDMNM-tcdt\\vendor\\laravel\\framework\\src\\Illuminate\\Routing\\Router.php(789): Illuminate\\Routing\\Router::toResponse(Object(Illuminate\\Http\\Request), Object(Illuminate\\View\\View))
#24 D:\\laravel\\BTN-PTUDMNM-tcdt\\vendor\\laravel\\framework\\src\\Illuminate\\Routing\\Router.php(720): Illuminate\\Routing\\Router->prepareResponse(Object(Illuminate\\Http\\Request), Object(Illuminate\\View\\View))
#25 D:\\laravel\\BTN-PTUDMNM-tcdt\\vendor\\laravel\\framework\\src\\Illuminate\\Pipeline\\Pipeline.php(128): Illuminate\\Routing\\Router->Illuminate\\Routing\\{closure}(Object(Illuminate\\Http\\Request))
#26 D:\\laravel\\BTN-PTUDMNM-tcdt\\vendor\\laravel\\framework\\src\\Illuminate\\Routing\\Middleware\\SubstituteBindings.php(50): Illuminate\\Pipeline\\Pipeline->Illuminate\\Pipeline\\{closure}(Object(Illuminate\\Http\\Request))
#27 D:\\laravel\\BTN-PTUDMNM-tcdt\\vendor\\laravel\\framework\\src\\Illuminate\\Pipeline\\Pipeline.php(167): Illuminate\\Routing\\Middleware\\SubstituteBindings->handle(Object(Illuminate\\Http\\Request), Object(Closure))
#28 D:\\laravel\\BTN-PTUDMNM-tcdt\\vendor\\laravel\\framework\\src\\Illuminate\\Foundation\\Http\\Middleware\\VerifyCsrfToken.php(78): Illuminate\\Pipeline\\Pipeline->Illuminate\\Pipeline\\{closure}(Object(Illuminate\\Http\\Request))
#29 D:\\laravel\\BTN-PTUDMNM-tcdt\\vendor\\laravel\\framework\\src\\Illuminate\\Pipeline\\Pipeline.php(167): Illuminate\\Foundation\\Http\\Middleware\\VerifyCsrfToken->handle(Object(Illuminate\\Http\\Request), Object(Closure))
#30 D:\\laravel\\BTN-PTUDMNM-tcdt\\vendor\\laravel\\framework\\src\\Illuminate\\View\\Middleware\\ShareErrorsFromSession.php(49): Illuminate\\Pipeline\\Pipeline->Illuminate\\Pipeline\\{closure}(Object(Illuminate\\Http\\Request))
#31 D:\\laravel\\BTN-PTUDMNM-tcdt\\vendor\\laravel\\framework\\src\\Illuminate\\Pipeline\\Pipeline.php(167): Illuminate\\View\\Middleware\\ShareErrorsFromSession->handle(Object(Illuminate\\Http\\Request), Object(Closure))
#32 D:\\laravel\\BTN-PTUDMNM-tcdt\\vendor\\laravel\\framework\\src\\Illuminate\\Session\\Middleware\\StartSession.php(121): Illuminate\\Pipeline\\Pipeline->Illuminate\\Pipeline\\{closure}(Object(Illuminate\\Http\\Request))
#33 D:\\laravel\\BTN-PTUDMNM-tcdt\\vendor\\laravel\\framework\\src\\Illuminate\\Session\\Middleware\\StartSession.php(64): Illuminate\\Session\\Middleware\\StartSession->handleStatefulRequest(Object(Illuminate\\Http\\Request), Object(Illuminate\\Session\\Store), Object(Closure))
#34 D:\\laravel\\BTN-PTUDMNM-tcdt\\vendor\\laravel\\framework\\src\\Illuminate\\Pipeline\\Pipeline.php(167): Illuminate\\Session\\Middleware\\StartSession->handle(Object(Illuminate\\Http\\Request), Object(Closure))
#35 D:\\laravel\\BTN-PTUDMNM-tcdt\\vendor\\laravel\\framework\\src\\Illuminate\\Cookie\\Middleware\\AddQueuedCookiesToResponse.php(37): Illuminate\\Pipeline\\Pipeline->Illuminate\\Pipeline\\{closure}(Object(Illuminate\\Http\\Request))
#36 D:\\laravel\\BTN-PTUDMNM-tcdt\\vendor\\laravel\\framework\\src\\Illuminate\\Pipeline\\Pipeline.php(167): Illuminate\\Cookie\\Middleware\\AddQueuedCookiesToResponse->handle(Object(Illuminate\\Http\\Request), Object(Closure))
#37 D:\\laravel\\BTN-PTUDMNM-tcdt\\vendor\\laravel\\framework\\src\\Illuminate\\Cookie\\Middleware\\EncryptCookies.php(67): Illuminate\\Pipeline\\Pipeline->Illuminate\\Pipeline\\{closure}(Object(Illuminate\\Http\\Request))
#38 D:\\laravel\\BTN-PTUDMNM-tcdt\\vendor\\laravel\\framework\\src\\Illuminate\\Pipeline\\Pipeline.php(167): Illuminate\\Cookie\\Middleware\\EncryptCookies->handle(Object(Illuminate\\Http\\Request), Object(Closure))
#39 D:\\laravel\\BTN-PTUDMNM-tcdt\\vendor\\laravel\\framework\\src\\Illuminate\\Pipeline\\Pipeline.php(103): Illuminate\\Pipeline\\Pipeline->Illuminate\\Pipeline\\{closure}(Object(Illuminate\\Http\\Request))
#40 D:\\laravel\\BTN-PTUDMNM-tcdt\\vendor\\laravel\\framework\\src\\Illuminate\\Routing\\Router.php(719): Illuminate\\Pipeline\\Pipeline->then(Object(Closure))
#41 D:\\laravel\\BTN-PTUDMNM-tcdt\\vendor\\laravel\\framework\\src\\Illuminate\\Routing\\Router.php(698): Illuminate\\Routing\\Router->runRouteWithinStack(Object(Illuminate\\Routing\\Route), Object(Illuminate\\Http\\Request))
#42 D:\\laravel\\BTN-PTUDMNM-tcdt\\vendor\\laravel\\framework\\src\\Illuminate\\Routing\\Router.php(662): Illuminate\\Routing\\Router->runRoute(Object(Illuminate\\Http\\Request), Object(Illuminate\\Routing\\Route))
#43 D:\\laravel\\BTN-PTUDMNM-tcdt\\vendor\\laravel\\framework\\src\\Illuminate\\Routing\\Router.php(651): Illuminate\\Routing\\Router->dispatchToRoute(Object(Illuminate\\Http\\Request))
#44 D:\\laravel\\BTN-PTUDMNM-tcdt\\vendor\\laravel\\framework\\src\\Illuminate\\Foundation\\Http\\Kernel.php(167): Illuminate\\Routing\\Router->dispatch(Object(Illuminate\\Http\\Request))
#45 D:\\laravel\\BTN-PTUDMNM-tcdt\\vendor\\laravel\\framework\\src\\Illuminate\\Pipeline\\Pipeline.php(128): Illuminate\\Foundation\\Http\\Kernel->Illuminate\\Foundation\\Http\\{closure}(Object(Illuminate\\Http\\Request))
#46 D:\\laravel\\BTN-PTUDMNM-tcdt\\vendor\\laravel\\framework\\src\\Illuminate\\Foundation\\Http\\Middleware\\TransformsRequest.php(21): Illuminate\\Pipeline\\Pipeline->Illuminate\\Pipeline\\{closure}(Object(Illuminate\\Http\\Request))
#47 D:\\laravel\\BTN-PTUDMNM-tcdt\\vendor\\laravel\\framework\\src\\Illuminate\\Foundation\\Http\\Middleware\\ConvertEmptyStringsToNull.php(31): Illuminate\\Foundation\\Http\\Middleware\\TransformsRequest->handle(Object(Illuminate\\Http\\Request), Object(Closure))
#48 D:\\laravel\\BTN-PTUDMNM-tcdt\\vendor\\laravel\\framework\\src\\Illuminate\\Pipeline\\Pipeline.php(167): Illuminate\\Foundation\\Http\\Middleware\\ConvertEmptyStringsToNull->handle(Object(Illuminate\\Http\\Request), Object(Closure))
#49 D:\\laravel\\BTN-PTUDMNM-tcdt\\vendor\\laravel\\framework\\src\\Illuminate\\Foundation\\Http\\Middleware\\TransformsRequest.php(21): Illuminate\\Pipeline\\Pipeline->Illuminate\\Pipeline\\{closure}(Object(Illuminate\\Http\\Request))
#50 D:\\laravel\\BTN-PTUDMNM-tcdt\\vendor\\laravel\\framework\\src\\Illuminate\\Foundation\\Http\\Middleware\\TrimStrings.php(40): Illuminate\\Foundation\\Http\\Middleware\\TransformsRequest->handle(Object(Illuminate\\Http\\Request), Object(Closure))
#51 D:\\laravel\\BTN-PTUDMNM-tcdt\\vendor\\laravel\\framework\\src\\Illuminate\\Pipeline\\Pipeline.php(167): Illuminate\\Foundation\\Http\\Middleware\\TrimStrings->handle(Object(Illuminate\\Http\\Request), Object(Closure))
#52 D:\\laravel\\BTN-PTUDMNM-tcdt\\vendor\\laravel\\framework\\src\\Illuminate\\Foundation\\Http\\Middleware\\ValidatePostSize.php(27): Illuminate\\Pipeline\\Pipeline->Illuminate\\Pipeline\\{closure}(Object(Illuminate\\Http\\Request))
#53 D:\\laravel\\BTN-PTUDMNM-tcdt\\vendor\\laravel\\framework\\src\\Illuminate\\Pipeline\\Pipeline.php(167): Illuminate\\Foundation\\Http\\Middleware\\ValidatePostSize->handle(Object(Illuminate\\Http\\Request), Object(Closure))
#54 D:\\laravel\\BTN-PTUDMNM-tcdt\\vendor\\laravel\\framework\\src\\Illuminate\\Foundation\\Http\\Middleware\\PreventRequestsDuringMaintenance.php(86): Illuminate\\Pipeline\\Pipeline->Illuminate\\Pipeline\\{closure}(Object(Illuminate\\Http\\Request))
#55 D:\\laravel\\BTN-PTUDMNM-tcdt\\vendor\\laravel\\framework\\src\\Illuminate\\Pipeline\\Pipeline.php(167): Illuminate\\Foundation\\Http\\Middleware\\PreventRequestsDuringMaintenance->handle(Object(Illuminate\\Http\\Request), Object(Closure))
#56 D:\\laravel\\BTN-PTUDMNM-tcdt\\vendor\\laravel\\framework\\src\\Illuminate\\Http\\Middleware\\TrustProxies.php(39): Illuminate\\Pipeline\\Pipeline->Illuminate\\Pipeline\\{closure}(Object(Illuminate\\Http\\Request))
#57 D:\\laravel\\BTN-PTUDMNM-tcdt\\vendor\\laravel\\framework\\src\\Illuminate\\Pipeline\\Pipeline.php(167): Illuminate\\Http\\Middleware\\TrustProxies->handle(Object(Illuminate\\Http\\Request), Object(Closure))
#58 D:\\laravel\\BTN-PTUDMNM-tcdt\\vendor\\laravel\\framework\\src\\Illuminate\\Pipeline\\Pipeline.php(103): Illuminate\\Pipeline\\Pipeline->Illuminate\\Pipeline\\{closure}(Object(Illuminate\\Http\\Request))
#59 D:\\laravel\\BTN-PTUDMNM-tcdt\\vendor\\laravel\\framework\\src\\Illuminate\\Foundation\\Http\\Kernel.php(142): Illuminate\\Pipeline\\Pipeline->then(Object(Closure))
#60 D:\\laravel\\BTN-PTUDMNM-tcdt\\vendor\\laravel\\framework\\src\\Illuminate\\Foundation\\Http\\Kernel.php(111): Illuminate\\Foundation\\Http\\Kernel->sendRequestThroughRouter(Object(Illuminate\\Http\\Request))
#61 D:\\laravel\\BTN-PTUDMNM-tcdt\\public\\index.php(51): Illuminate\\Foundation\\Http\\Kernel->handle(Object(Illuminate\\Http\\Request))
#62 D:\\laravel\\BTN-PTUDMNM-tcdt\\server.php(21): require_once('D:\\\\laravel\\\\BTN-...')
#63 {main}

[previous exception] [object] (InvalidArgumentException(code: 0): View [layouts.footer] not found. at D:\\laravel\\BTN-PTUDMNM-tcdt\\vendor\\laravel\\framework\\src\\Illuminate\\View\\FileViewFinder.php:137)
[stacktrace]
#0 D:\\laravel\\BTN-PTUDMNM-tcdt\\vendor\\laravel\\framework\\src\\Illuminate\\View\\FileViewFinder.php(79): Illuminate\\View\\FileViewFinder->findInPaths('layouts.footer', Array)
#1 D:\\laravel\\BTN-PTUDMNM-tcdt\\vendor\\laravel\\framework\\src\\Illuminate\\View\\Factory.php(137): Illuminate\\View\\FileViewFinder->find('layouts.footer')
#2 D:\\laravel\\BTN-PTUDMNM-tcdt\\storage\\framework\\views\\68a23f6d9a6d90b3b3bf083a42eaaa2ebc74cd28.php(24): Illuminate\\View\\Factory->make('layouts.footer', Array)
#3 D:\\laravel\\BTN-PTUDMNM-tcdt\\vendor\\laravel\\framework\\src\\Illuminate\\Filesystem\\Filesystem.php(107): require('D:\\\\laravel\\\\BTN-...')
#4 D:\\laravel\\BTN-PTUDMNM-tcdt\\vendor\\laravel\\framework\\src\\Illuminate\\Filesystem\\Filesystem.php(108): Illuminate\\Filesystem\\Filesystem::Illuminate\\Filesystem\\{closure}()
#5 D:\\laravel\\BTN-PTUDMNM-tcdt\\vendor\\laravel\\framework\\src\\Illuminate\\View\\Engines\\PhpEngine.php(58): Illuminate\\Filesystem\\Filesystem->getRequire('D:\\\\laravel\\\\BTN-...', Array)
#6 D:\\laravel\\BTN-PTUDMNM-tcdt\\vendor\\laravel\\framework\\src\\Illuminate\\View\\Engines\\CompilerEngine.php(61): Illuminate\\View\\Engines\\PhpEngine->evaluatePath('D:\\\\laravel\\\\BTN-...', Array)
#7 D:\\laravel\\BTN-PTUDMNM-tcdt\\vendor\\facade\\ignition\\src\\Views\\Engines\\CompilerEngine.php(37): Illuminate\\View\\Engines\\CompilerEngine->get('D:\\\\laravel\\\\BTN-...', Array)
#8 D:\\laravel\\BTN-PTUDMNM-tcdt\\vendor\\laravel\\framework\\src\\Illuminate\\View\\View.php(139): Facade\\Ignition\\Views\\Engines\\CompilerEngine->get('D:\\\\laravel\\\\BTN-...', Array)
#9 D:\\laravel\\BTN-PTUDMNM-tcdt\\vendor\\laravel\\framework\\src\\Illuminate\\View\\View.php(122): Illuminate\\View\\View->getContents()
#10 D:\\laravel\\BTN-PTUDMNM-tcdt\\vendor\\laravel\\framework\\src\\Illuminate\\View\\View.php(91): Illuminate\\View\\View->renderContents()
#11 D:\\laravel\\BTN-PTUDMNM-tcdt\\storage\\framework\\views\\4b4bdc92342ecd72796016ebc5e422a797295625.php(458): Illuminate\\View\\View->render()
#12 D:\\laravel\\BTN-PTUDMNM-tcdt\\vendor\\laravel\\framework\\src\\Illuminate\\Filesystem\\Filesystem.php(107): require('D:\\\\laravel\\\\BTN-...')
#13 D:\\laravel\\BTN-PTUDMNM-tcdt\\vendor\\laravel\\framework\\src\\Illuminate\\Filesystem\\Filesystem.php(108): Illuminate\\Filesystem\\Filesystem::Illuminate\\Filesystem\\{closure}()
#14 D:\\laravel\\BTN-PTUDMNM-tcdt\\vendor\\laravel\\framework\\src\\Illuminate\\View\\Engines\\PhpEngine.php(58): Illuminate\\Filesystem\\Filesystem->getRequire('D:\\\\laravel\\\\BTN-...', Array)
#15 D:\\laravel\\BTN-PTUDMNM-tcdt\\vendor\\laravel\\framework\\src\\Illuminate\\View\\Engines\\CompilerEngine.php(61): Illuminate\\View\\Engines\\PhpEngine->evaluatePath('D:\\\\laravel\\\\BTN-...', Array)
#16 D:\\laravel\\BTN-PTUDMNM-tcdt\\vendor\\facade\\ignition\\src\\Views\\Engines\\CompilerEngine.php(37): Illuminate\\View\\Engines\\CompilerEngine->get('D:\\\\laravel\\\\BTN-...', Array)
#17 D:\\laravel\\BTN-PTUDMNM-tcdt\\vendor\\laravel\\framework\\src\\Illuminate\\View\\View.php(139): Facade\\Ignition\\Views\\Engines\\CompilerEngine->get('D:\\\\laravel\\\\BTN-...', Array)
#18 D:\\laravel\\BTN-PTUDMNM-tcdt\\vendor\\laravel\\framework\\src\\Illuminate\\View\\View.php(122): Illuminate\\View\\View->getContents()
#19 D:\\laravel\\BTN-PTUDMNM-tcdt\\vendor\\laravel\\framework\\src\\Illuminate\\View\\View.php(91): Illuminate\\View\\View->renderContents()
#20 D:\\laravel\\BTN-PTUDMNM-tcdt\\vendor\\laravel\\framework\\src\\Illuminate\\Http\\Response.php(69): Illuminate\\View\\View->render()
#21 D:\\laravel\\BTN-PTUDMNM-tcdt\\vendor\\laravel\\framework\\src\\Illuminate\\Http\\Response.php(35): Illuminate\\Http\\Response->setContent(Object(Illuminate\\View\\View))
#22 D:\\laravel\\BTN-PTUDMNM-tcdt\\vendor\\laravel\\framework\\src\\Illuminate\\Routing\\Router.php(820): Illuminate\\Http\\Response->__construct(Object(Illuminate\\View\\View), 200, Array)
#23 D:\\laravel\\BTN-PTUDMNM-tcdt\\vendor\\laravel\\framework\\src\\Illuminate\\Routing\\Router.php(789): Illuminate\\Routing\\Router::toResponse(Object(Illuminate\\Http\\Request), Object(Illuminate\\View\\View))
#24 D:\\laravel\\BTN-PTUDMNM-tcdt\\vendor\\laravel\\framework\\src\\Illuminate\\Routing\\Router.php(720): Illuminate\\Routing\\Router->prepareResponse(Object(Illuminate\\Http\\Request), Object(Illuminate\\View\\View))
#25 D:\\laravel\\BTN-PTUDMNM-tcdt\\vendor\\laravel\\framework\\src\\Illuminate\\Pipeline\\Pipeline.php(128): Illuminate\\Routing\\Router->Illuminate\\Routing\\{closure}(Object(Illuminate\\Http\\Request))
#26 D:\\laravel\\BTN-PTUDMNM-tcdt\\vendor\\laravel\\framework\\src\\Illuminate\\Routing\\Middleware\\SubstituteBindings.php(50): Illuminate\\Pipeline\\Pipeline->Illuminate\\Pipeline\\{closure}(Object(Illuminate\\Http\\Request))
#27 D:\\laravel\\BTN-PTUDMNM-tcdt\\vendor\\laravel\\framework\\src\\Illuminate\\Pipeline\\Pipeline.php(167): Illuminate\\Routing\\Middleware\\SubstituteBindings->handle(Object(Illuminate\\Http\\Request), Object(Closure))
#28 D:\\laravel\\BTN-PTUDMNM-tcdt\\vendor\\laravel\\framework\\src\\Illuminate\\Foundation\\Http\\Middleware\\VerifyCsrfToken.php(78): Illuminate\\Pipeline\\Pipeline->Illuminate\\Pipeline\\{closure}(Object(Illuminate\\Http\\Request))
#29 D:\\laravel\\BTN-PTUDMNM-tcdt\\vendor\\laravel\\framework\\src\\Illuminate\\Pipeline\\Pipeline.php(167): Illuminate\\Foundation\\Http\\Middleware\\VerifyCsrfToken->handle(Object(Illuminate\\Http\\Request), Object(Closure))
#30 D:\\laravel\\BTN-PTUDMNM-tcdt\\vendor\\laravel\\framework\\src\\Illuminate\\View\\Middleware\\ShareErrorsFromSession.php(49): Illuminate\\Pipeline\\Pipeline->Illuminate\\Pipeline\\{closure}(Object(Illuminate\\Http\\Request))
#31 D:\\laravel\\BTN-PTUDMNM-tcdt\\vendor\\laravel\\framework\\src\\Illuminate\\Pipeline\\Pipeline.php(167): Illuminate\\View\\Middleware\\ShareErrorsFromSession->handle(Object(Illuminate\\Http\\Request), Object(Closure))
#32 D:\\laravel\\BTN-PTUDMNM-tcdt\\vendor\\laravel\\framework\\src\\Illuminate\\Session\\Middleware\\StartSession.php(121): Illuminate\\Pipeline\\Pipeline->Illuminate\\Pipeline\\{closure}(Object(Illuminate\\Http\\Request))
#33 D:\\laravel\\BTN-PTUDMNM-tcdt\\vendor\\laravel\\framework\\src\\Illuminate\\Session\\Middleware\\StartSession.php(64): Illuminate\\Session\\Middleware\\StartSession->handleStatefulRequest(Object(Illuminate\\Http\\Request), Object(Illuminate\\Session\\Store), Object(Closure))
#34 D:\\laravel\\BTN-PTUDMNM-tcdt\\vendor\\laravel\\framework\\src\\Illuminate\\Pipeline\\Pipeline.php(167): Illuminate\\Session\\Middleware\\StartSession->handle(Object(Illuminate\\Http\\Request), Object(Closure))
#35 D:\\laravel\\BTN-PTUDMNM-tcdt\\vendor\\laravel\\framework\\src\\Illuminate\\Cookie\\Middleware\\AddQueuedCookiesToResponse.php(37): Illuminate\\Pipeline\\Pipeline->Illuminate\\Pipeline\\{closure}(Object(Illuminate\\Http\\Request))
#36 D:\\laravel\\BTN-PTUDMNM-tcdt\\vendor\\laravel\\framework\\src\\Illuminate\\Pipeline\\Pipeline.php(167): Illuminate\\Cookie\\Middleware\\AddQueuedCookiesToResponse->handle(Object(Illuminate\\Http\\Request), Object(Closure))
#37 D:\\laravel\\BTN-PTUDMNM-tcdt\\vendor\\laravel\\framework\\src\\Illuminate\\Cookie\\Middleware\\EncryptCookies.php(67): Illuminate\\Pipeline\\Pipeline->Illuminate\\Pipeline\\{closure}(Object(Illuminate\\Http\\Request))
#38 D:\\laravel\\BTN-PTUDMNM-tcdt\\vendor\\laravel\\framework\\src\\Illuminate\\Pipeline\\Pipeline.php(167): Illuminate\\Cookie\\Middleware\\EncryptCookies->handle(Object(Illuminate\\Http\\Request), Object(Closure))
#39 D:\\laravel\\BTN-PTUDMNM-tcdt\\vendor\\laravel\\framework\\src\\Illuminate\\Pipeline\\Pipeline.php(103): Illuminate\\Pipeline\\Pipeline->Illuminate\\Pipeline\\{closure}(Object(Illuminate\\Http\\Request))
#40 D:\\laravel\\BTN-PTUDMNM-tcdt\\vendor\\laravel\\framework\\src\\Illuminate\\Routing\\Router.php(719): Illuminate\\Pipeline\\Pipeline->then(Object(Closure))
#41 D:\\laravel\\BTN-PTUDMNM-tcdt\\vendor\\laravel\\framework\\src\\Illuminate\\Routing\\Router.php(698): Illuminate\\Routing\\Router->runRouteWithinStack(Object(Illuminate\\Routing\\Route), Object(Illuminate\\Http\\Request))
#42 D:\\laravel\\BTN-PTUDMNM-tcdt\\vendor\\laravel\\framework\\src\\Illuminate\\Routing\\Router.php(662): Illuminate\\Routing\\Router->runRoute(Object(Illuminate\\Http\\Request), Object(Illuminate\\Routing\\Route))
#43 D:\\laravel\\BTN-PTUDMNM-tcdt\\vendor\\laravel\\framework\\src\\Illuminate\\Routing\\Router.php(651): Illuminate\\Routing\\Router->dispatchToRoute(Object(Illuminate\\Http\\Request))
#44 D:\\laravel\\BTN-PTUDMNM-tcdt\\vendor\\laravel\\framework\\src\\Illuminate\\Foundation\\Http\\Kernel.php(167): Illuminate\\Routing\\Router->dispatch(Object(Illuminate\\Http\\Request))
#45 D:\\laravel\\BTN-PTUDMNM-tcdt\\vendor\\laravel\\framework\\src\\Illuminate\\Pipeline\\Pipeline.php(128): Illuminate\\Foundation\\Http\\Kernel->Illuminate\\Foundation\\Http\\{closure}(Object(Illuminate\\Http\\Request))
#46 D:\\laravel\\BTN-PTUDMNM-tcdt\\vendor\\laravel\\framework\\src\\Illuminate\\Foundation\\Http\\Middleware\\TransformsRequest.php(21): Illuminate\\Pipeline\\Pipeline->Illuminate\\Pipeline\\{closure}(Object(Illuminate\\Http\\Request))
#47 D:\\laravel\\BTN-PTUDMNM-tcdt\\vendor\\laravel\\framework\\src\\Illuminate\\Foundation\\Http\\Middleware\\ConvertEmptyStringsToNull.php(31): Illuminate\\Foundation\\Http\\Middleware\\TransformsRequest->handle(Object(Illuminate\\Http\\Request), Object(Closure))
#48 D:\\laravel\\BTN-PTUDMNM-tcdt\\vendor\\laravel\\framework\\src\\Illuminate\\Pipeline\\Pipeline.php(167): Illuminate\\Foundation\\Http\\Middleware\\ConvertEmptyStringsToNull->handle(Object(Illuminate\\Http\\Request), Object(Closure))
#49 D:\\laravel\\BTN-PTUDMNM-tcdt\\vendor\\laravel\\framework\\src\\Illuminate\\Foundation\\Http\\Middleware\\TransformsRequest.php(21): Illuminate\\Pipeline\\Pipeline->Illuminate\\Pipeline\\{closure}(Object(Illuminate\\Http\\Request))
#50 D:\\laravel\\BTN-PTUDMNM-tcdt\\vendor\\laravel\\framework\\src\\Illuminate\\Foundation\\Http\\Middleware\\TrimStrings.php(40): Illuminate\\Foundation\\Http\\Middleware\\TransformsRequest->handle(Object(Illuminate\\Http\\Request), Object(Closure))
#51 D:\\laravel\\BTN-PTUDMNM-tcdt\\vendor\\laravel\\framework\\src\\Illuminate\\Pipeline\\Pipeline.php(167): Illuminate\\Foundation\\Http\\Middleware\\TrimStrings->handle(Object(Illuminate\\Http\\Request), Object(Closure))
#52 D:\\laravel\\BTN-PTUDMNM-tcdt\\vendor\\laravel\\framework\\src\\Illuminate\\Foundation\\Http\\Middleware\\ValidatePostSize.php(27): Illuminate\\Pipeline\\Pipeline->Illuminate\\Pipeline\\{closure}(Object(Illuminate\\Http\\Request))
#53 D:\\laravel\\BTN-PTUDMNM-tcdt\\vendor\\laravel\\framework\\src\\Illuminate\\Pipeline\\Pipeline.php(167): Illuminate\\Foundation\\Http\\Middleware\\ValidatePostSize->handle(Object(Illuminate\\Http\\Request), Object(Closure))
#54 D:\\laravel\\BTN-PTUDMNM-tcdt\\vendor\\laravel\\framework\\src\\Illuminate\\Foundation\\Http\\Middleware\\PreventRequestsDuringMaintenance.php(86): Illuminate\\Pipeline\\Pipeline->Illuminate\\Pipeline\\{closure}(Object(Illuminate\\Http\\Request))
#55 D:\\laravel\\BTN-PTUDMNM-tcdt\\vendor\\laravel\\framework\\src\\Illuminate\\Pipeline\\Pipeline.php(167): Illuminate\\Foundation\\Http\\Middleware\\PreventRequestsDuringMaintenance->handle(Object(Illuminate\\Http\\Request), Object(Closure))
#56 D:\\laravel\\BTN-PTUDMNM-tcdt\\vendor\\laravel\\framework\\src\\Illuminate\\Http\\Middleware\\TrustProxies.php(39): Illuminate\\Pipeline\\Pipeline->Illuminate\\Pipeline\\{closure}(Object(Illuminate\\Http\\Request))
#57 D:\\laravel\\BTN-PTUDMNM-tcdt\\vendor\\laravel\\framework\\src\\Illuminate\\Pipeline\\Pipeline.php(167): Illuminate\\Http\\Middleware\\TrustProxies->handle(Object(Illuminate\\Http\\Request), Object(Closure))
#58 D:\\laravel\\BTN-PTUDMNM-tcdt\\vendor\\laravel\\framework\\src\\Illuminate\\Pipeline\\Pipeline.php(103): Illuminate\\Pipeline\\Pipeline->Illuminate\\Pipeline\\{closure}(Object(Illuminate\\Http\\Request))
#59 D:\\laravel\\BTN-PTUDMNM-tcdt\\vendor\\laravel\\framework\\src\\Illuminate\\Foundation\\Http\\Kernel.php(142): Illuminate\\Pipeline\\Pipeline->then(Object(Closure))
#60 D:\\laravel\\BTN-PTUDMNM-tcdt\\vendor\\laravel\\framework\\src\\Illuminate\\Foundation\\Http\\Kernel.php(111): Illuminate\\Foundation\\Http\\Kernel->sendRequestThroughRouter(Object(Illuminate\\Http\\Request))
#61 D:\\laravel\\BTN-PTUDMNM-tcdt\\public\\index.php(51): Illuminate\\Foundation\\Http\\Kernel->handle(Object(Illuminate\\Http\\Request))
#62 D:\\laravel\\BTN-PTUDMNM-tcdt\\server.php(21): require_once('D:\\\\laravel\\\\BTN-...')
#63 {main}
"} 
[2025-04-14 15:54:18] local.ERROR: SQLSTATE[HY000] [2002] No connection could be made because the target machine actively refused it (SQL: select * from `slideshow` limit 4) {"exception":"[object] (Illuminate\\Database\\QueryException(code: 2002): SQLSTATE[HY000] [2002] No connection could be made because the target machine actively refused it (SQL: select * from `slideshow` limit 4) at D:\\laravel\\BTN-PTUDMNM-tcdt1\\vendor\\laravel\\framework\\src\\Illuminate\\Database\\Connection.php:712)
[stacktrace]
#0 D:\\laravel\\BTN-PTUDMNM-tcdt1\\vendor\\laravel\\framework\\src\\Illuminate\\Database\\Connection.php(672): Illuminate\\Database\\Connection->runQueryCallback('select * from `...', Array, Object(Closure))
#1 D:\\laravel\\BTN-PTUDMNM-tcdt1\\vendor\\laravel\\framework\\src\\Illuminate\\Database\\Connection.php(359): Illuminate\\Database\\Connection->run('select * from `...', Array, Object(Closure))
#2 D:\\laravel\\BTN-PTUDMNM-tcdt1\\vendor\\laravel\\framework\\src\\Illuminate\\Database\\Query\\Builder.php(2413): Illuminate\\Database\\Connection->select('select * from `...', Array, true)
#3 D:\\laravel\\BTN-PTUDMNM-tcdt1\\vendor\\laravel\\framework\\src\\Illuminate\\Database\\Query\\Builder.php(2402): Illuminate\\Database\\Query\\Builder->runSelect()
#4 D:\\laravel\\BTN-PTUDMNM-tcdt1\\vendor\\laravel\\framework\\src\\Illuminate\\Database\\Query\\Builder.php(2936): Illuminate\\Database\\Query\\Builder->Illuminate\\Database\\Query\\{closure}()
#5 D:\\laravel\\BTN-PTUDMNM-tcdt1\\vendor\\laravel\\framework\\src\\Illuminate\\Database\\Query\\Builder.php(2401): Illuminate\\Database\\Query\\Builder->onceWithColumns(Array, Object(Closure))
#6 D:\\laravel\\BTN-PTUDMNM-tcdt1\\vendor\\laravel\\framework\\src\\Illuminate\\Database\\Eloquent\\Builder.php(625): Illuminate\\Database\\Query\\Builder->get(Array)
#7 D:\\laravel\\BTN-PTUDMNM-tcdt1\\vendor\\laravel\\framework\\src\\Illuminate\\Database\\Eloquent\\Builder.php(609): Illuminate\\Database\\Eloquent\\Builder->getModels(Array)
#8 D:\\laravel\\BTN-PTUDMNM-tcdt1\\app\\Http\\Controllers\\HomeController.php(13): Illuminate\\Database\\Eloquent\\Builder->get()
#9 D:\\laravel\\BTN-PTUDMNM-tcdt1\\vendor\\laravel\\framework\\src\\Illuminate\\Routing\\Controller.php(54): App\\Http\\Controllers\\HomeController->index()
#10 D:\\laravel\\BTN-PTUDMNM-tcdt1\\vendor\\laravel\\framework\\src\\Illuminate\\Routing\\ControllerDispatcher.php(45): Illuminate\\Routing\\Controller->callAction('index', Array)
#11 D:\\laravel\\BTN-PTUDMNM-tcdt1\\vendor\\laravel\\framework\\src\\Illuminate\\Routing\\Route.php(261): Illuminate\\Routing\\ControllerDispatcher->dispatch(Object(Illuminate\\Routing\\Route), Object(App\\Http\\Controllers\\HomeController), 'index')
#12 D:\\laravel\\BTN-PTUDMNM-tcdt1\\vendor\\laravel\\framework\\src\\Illuminate\\Routing\\Route.php(205): Illuminate\\Routing\\Route->runController()
#13 D:\\laravel\\BTN-PTUDMNM-tcdt1\\vendor\\laravel\\framework\\src\\Illuminate\\Routing\\Router.php(721): Illuminate\\Routing\\Route->run()
#14 D:\\laravel\\BTN-PTUDMNM-tcdt1\\vendor\\laravel\\framework\\src\\Illuminate\\Pipeline\\Pipeline.php(128): Illuminate\\Routing\\Router->Illuminate\\Routing\\{closure}(Object(Illuminate\\Http\\Request))
#15 D:\\laravel\\BTN-PTUDMNM-tcdt1\\vendor\\laravel\\framework\\src\\Illuminate\\Routing\\Middleware\\SubstituteBindings.php(50): Illuminate\\Pipeline\\Pipeline->Illuminate\\Pipeline\\{closure}(Object(Illuminate\\Http\\Request))
#16 D:\\laravel\\BTN-PTUDMNM-tcdt1\\vendor\\laravel\\framework\\src\\Illuminate\\Pipeline\\Pipeline.php(167): Illuminate\\Routing\\Middleware\\SubstituteBindings->handle(Object(Illuminate\\Http\\Request), Object(Closure))
#17 D:\\laravel\\BTN-PTUDMNM-tcdt1\\vendor\\laravel\\framework\\src\\Illuminate\\Foundation\\Http\\Middleware\\VerifyCsrfToken.php(78): Illuminate\\Pipeline\\Pipeline->Illuminate\\Pipeline\\{closure}(Object(Illuminate\\Http\\Request))
#18 D:\\laravel\\BTN-PTUDMNM-tcdt1\\vendor\\laravel\\framework\\src\\Illuminate\\Pipeline\\Pipeline.php(167): Illuminate\\Foundation\\Http\\Middleware\\VerifyCsrfToken->handle(Object(Illuminate\\Http\\Request), Object(Closure))
#19 D:\\laravel\\BTN-PTUDMNM-tcdt1\\vendor\\laravel\\framework\\src\\Illuminate\\View\\Middleware\\ShareErrorsFromSession.php(49): Illuminate\\Pipeline\\Pipeline->Illuminate\\Pipeline\\{closure}(Object(Illuminate\\Http\\Request))
#20 D:\\laravel\\BTN-PTUDMNM-tcdt1\\vendor\\laravel\\framework\\src\\Illuminate\\Pipeline\\Pipeline.php(167): Illuminate\\View\\Middleware\\ShareErrorsFromSession->handle(Object(Illuminate\\Http\\Request), Object(Closure))
#21 D:\\laravel\\BTN-PTUDMNM-tcdt1\\vendor\\laravel\\framework\\src\\Illuminate\\Session\\Middleware\\StartSession.php(121): Illuminate\\Pipeline\\Pipeline->Illuminate\\Pipeline\\{closure}(Object(Illuminate\\Http\\Request))
#22 D:\\laravel\\BTN-PTUDMNM-tcdt1\\vendor\\laravel\\framework\\src\\Illuminate\\Session\\Middleware\\StartSession.php(64): Illuminate\\Session\\Middleware\\StartSession->handleStatefulRequest(Object(Illuminate\\Http\\Request), Object(Illuminate\\Session\\Store), Object(Closure))
#23 D:\\laravel\\BTN-PTUDMNM-tcdt1\\vendor\\laravel\\framework\\src\\Illuminate\\Pipeline\\Pipeline.php(167): Illuminate\\Session\\Middleware\\StartSession->handle(Object(Illuminate\\Http\\Request), Object(Closure))
#24 D:\\laravel\\BTN-PTUDMNM-tcdt1\\vendor\\laravel\\framework\\src\\Illuminate\\Cookie\\Middleware\\AddQueuedCookiesToResponse.php(37): Illuminate\\Pipeline\\Pipeline->Illuminate\\Pipeline\\{closure}(Object(Illuminate\\Http\\Request))
#25 D:\\laravel\\BTN-PTUDMNM-tcdt1\\vendor\\laravel\\framework\\src\\Illuminate\\Pipeline\\Pipeline.php(167): Illuminate\\Cookie\\Middleware\\AddQueuedCookiesToResponse->handle(Object(Illuminate\\Http\\Request), Object(Closure))
#26 D:\\laravel\\BTN-PTUDMNM-tcdt1\\vendor\\laravel\\framework\\src\\Illuminate\\Cookie\\Middleware\\EncryptCookies.php(67): Illuminate\\Pipeline\\Pipeline->Illuminate\\Pipeline\\{closure}(Object(Illuminate\\Http\\Request))
#27 D:\\laravel\\BTN-PTUDMNM-tcdt1\\vendor\\laravel\\framework\\src\\Illuminate\\Pipeline\\Pipeline.php(167): Illuminate\\Cookie\\Middleware\\EncryptCookies->handle(Object(Illuminate\\Http\\Request), Object(Closure))
#28 D:\\laravel\\BTN-PTUDMNM-tcdt1\\vendor\\laravel\\framework\\src\\Illuminate\\Pipeline\\Pipeline.php(103): Illuminate\\Pipeline\\Pipeline->Illuminate\\Pipeline\\{closure}(Object(Illuminate\\Http\\Request))
#29 D:\\laravel\\BTN-PTUDMNM-tcdt1\\vendor\\laravel\\framework\\src\\Illuminate\\Routing\\Router.php(719): Illuminate\\Pipeline\\Pipeline->then(Object(Closure))
#30 D:\\laravel\\BTN-PTUDMNM-tcdt1\\vendor\\laravel\\framework\\src\\Illuminate\\Routing\\Router.php(698): Illuminate\\Routing\\Router->runRouteWithinStack(Object(Illuminate\\Routing\\Route), Object(Illuminate\\Http\\Request))
#31 D:\\laravel\\BTN-PTUDMNM-tcdt1\\vendor\\laravel\\framework\\src\\Illuminate\\Routing\\Router.php(662): Illuminate\\Routing\\Router->runRoute(Object(Illuminate\\Http\\Request), Object(Illuminate\\Routing\\Route))
#32 D:\\laravel\\BTN-PTUDMNM-tcdt1\\vendor\\laravel\\framework\\src\\Illuminate\\Routing\\Router.php(651): Illuminate\\Routing\\Router->dispatchToRoute(Object(Illuminate\\Http\\Request))
#33 D:\\laravel\\BTN-PTUDMNM-tcdt1\\vendor\\laravel\\framework\\src\\Illuminate\\Foundation\\Http\\Kernel.php(167): Illuminate\\Routing\\Router->dispatch(Object(Illuminate\\Http\\Request))
#34 D:\\laravel\\BTN-PTUDMNM-tcdt1\\vendor\\laravel\\framework\\src\\Illuminate\\Pipeline\\Pipeline.php(128): Illuminate\\Foundation\\Http\\Kernel->Illuminate\\Foundation\\Http\\{closure}(Object(Illuminate\\Http\\Request))
#35 D:\\laravel\\BTN-PTUDMNM-tcdt1\\vendor\\laravel\\framework\\src\\Illuminate\\Foundation\\Http\\Middleware\\TransformsRequest.php(21): Illuminate\\Pipeline\\Pipeline->Illuminate\\Pipeline\\{closure}(Object(Illuminate\\Http\\Request))
#36 D:\\laravel\\BTN-PTUDMNM-tcdt1\\vendor\\laravel\\framework\\src\\Illuminate\\Foundation\\Http\\Middleware\\ConvertEmptyStringsToNull.php(31): Illuminate\\Foundation\\Http\\Middleware\\TransformsRequest->handle(Object(Illuminate\\Http\\Request), Object(Closure))
#37 D:\\laravel\\BTN-PTUDMNM-tcdt1\\vendor\\laravel\\framework\\src\\Illuminate\\Pipeline\\Pipeline.php(167): Illuminate\\Foundation\\Http\\Middleware\\ConvertEmptyStringsToNull->handle(Object(Illuminate\\Http\\Request), Object(Closure))
#38 D:\\laravel\\BTN-PTUDMNM-tcdt1\\vendor\\laravel\\framework\\src\\Illuminate\\Foundation\\Http\\Middleware\\TransformsRequest.php(21): Illuminate\\Pipeline\\Pipeline->Illuminate\\Pipeline\\{closure}(Object(Illuminate\\Http\\Request))
#39 D:\\laravel\\BTN-PTUDMNM-tcdt1\\vendor\\laravel\\framework\\src\\Illuminate\\Foundation\\Http\\Middleware\\TrimStrings.php(40): Illuminate\\Foundation\\Http\\Middleware\\TransformsRequest->handle(Object(Illuminate\\Http\\Request), Object(Closure))
#40 D:\\laravel\\BTN-PTUDMNM-tcdt1\\vendor\\laravel\\framework\\src\\Illuminate\\Pipeline\\Pipeline.php(167): Illuminate\\Foundation\\Http\\Middleware\\TrimStrings->handle(Object(Illuminate\\Http\\Request), Object(Closure))
#41 D:\\laravel\\BTN-PTUDMNM-tcdt1\\vendor\\laravel\\framework\\src\\Illuminate\\Foundation\\Http\\Middleware\\ValidatePostSize.php(27): Illuminate\\Pipeline\\Pipeline->Illuminate\\Pipeline\\{closure}(Object(Illuminate\\Http\\Request))
#42 D:\\laravel\\BTN-PTUDMNM-tcdt1\\vendor\\laravel\\framework\\src\\Illuminate\\Pipeline\\Pipeline.php(167): Illuminate\\Foundation\\Http\\Middleware\\ValidatePostSize->handle(Object(Illuminate\\Http\\Request), Object(Closure))
#43 D:\\laravel\\BTN-PTUDMNM-tcdt1\\vendor\\laravel\\framework\\src\\Illuminate\\Foundation\\Http\\Middleware\\PreventRequestsDuringMaintenance.php(86): Illuminate\\Pipeline\\Pipeline->Illuminate\\Pipeline\\{closure}(Object(Illuminate\\Http\\Request))
#44 D:\\laravel\\BTN-PTUDMNM-tcdt1\\vendor\\laravel\\framework\\src\\Illuminate\\Pipeline\\Pipeline.php(167): Illuminate\\Foundation\\Http\\Middleware\\PreventRequestsDuringMaintenance->handle(Object(Illuminate\\Http\\Request), Object(Closure))
#45 D:\\laravel\\BTN-PTUDMNM-tcdt1\\vendor\\laravel\\framework\\src\\Illuminate\\Http\\Middleware\\TrustProxies.php(39): Illuminate\\Pipeline\\Pipeline->Illuminate\\Pipeline\\{closure}(Object(Illuminate\\Http\\Request))
#46 D:\\laravel\\BTN-PTUDMNM-tcdt1\\vendor\\laravel\\framework\\src\\Illuminate\\Pipeline\\Pipeline.php(167): Illuminate\\Http\\Middleware\\TrustProxies->handle(Object(Illuminate\\Http\\Request), Object(Closure))
#47 D:\\laravel\\BTN-PTUDMNM-tcdt1\\vendor\\laravel\\framework\\src\\Illuminate\\Pipeline\\Pipeline.php(103): Illuminate\\Pipeline\\Pipeline->Illuminate\\Pipeline\\{closure}(Object(Illuminate\\Http\\Request))
#48 D:\\laravel\\BTN-PTUDMNM-tcdt1\\vendor\\laravel\\framework\\src\\Illuminate\\Foundation\\Http\\Kernel.php(142): Illuminate\\Pipeline\\Pipeline->then(Object(Closure))
#49 D:\\laravel\\BTN-PTUDMNM-tcdt1\\vendor\\laravel\\framework\\src\\Illuminate\\Foundation\\Http\\Kernel.php(111): Illuminate\\Foundation\\Http\\Kernel->sendRequestThroughRouter(Object(Illuminate\\Http\\Request))
#50 D:\\laravel\\BTN-PTUDMNM-tcdt1\\public\\index.php(51): Illuminate\\Foundation\\Http\\Kernel->handle(Object(Illuminate\\Http\\Request))
#51 D:\\laravel\\BTN-PTUDMNM-tcdt1\\server.php(21): require_once('D:\\\\laravel\\\\BTN-...')
#52 {main}

[previous exception] [object] (PDOException(code: 2002): SQLSTATE[HY000] [2002] No connection could be made because the target machine actively refused it at D:\\laravel\\BTN-PTUDMNM-tcdt1\\vendor\\laravel\\framework\\src\\Illuminate\\Database\\Connectors\\Connector.php:70)
[stacktrace]
#0 D:\\laravel\\BTN-PTUDMNM-tcdt1\\vendor\\laravel\\framework\\src\\Illuminate\\Database\\Connectors\\Connector.php(70): PDO->__construct('mysql:host=127....', 'root', Object(SensitiveParameterValue), Array)
#1 D:\\laravel\\BTN-PTUDMNM-tcdt1\\vendor\\laravel\\framework\\src\\Illuminate\\Database\\Connectors\\Connector.php(45): Illuminate\\Database\\Connectors\\Connector->createPdoConnection('mysql:host=127....', 'root', '', Array)
#2 D:\\laravel\\BTN-PTUDMNM-tcdt1\\vendor\\laravel\\framework\\src\\Illuminate\\Database\\Connectors\\MySqlConnector.php(24): Illuminate\\Database\\Connectors\\Connector->createConnection('mysql:host=127....', Array, Array)
#3 D:\\laravel\\BTN-PTUDMNM-tcdt1\\vendor\\laravel\\framework\\src\\Illuminate\\Database\\Connectors\\ConnectionFactory.php(184): Illuminate\\Database\\Connectors\\MySqlConnector->connect(Array)
#4 [internal function]: Illuminate\\Database\\Connectors\\ConnectionFactory->Illuminate\\Database\\Connectors\\{closure}()
#5 D:\\laravel\\BTN-PTUDMNM-tcdt1\\vendor\\laravel\\framework\\src\\Illuminate\\Database\\Connection.php(1064): call_user_func(Object(Closure))
#6 D:\\laravel\\BTN-PTUDMNM-tcdt1\\vendor\\laravel\\framework\\src\\Illuminate\\Database\\Connection.php(1100): Illuminate\\Database\\Connection->getPdo()
#7 D:\\laravel\\BTN-PTUDMNM-tcdt1\\vendor\\laravel\\framework\\src\\Illuminate\\Database\\Connection.php(442): Illuminate\\Database\\Connection->getReadPdo()
#8 D:\\laravel\\BTN-PTUDMNM-tcdt1\\vendor\\laravel\\framework\\src\\Illuminate\\Database\\Connection.php(368): Illuminate\\Database\\Connection->getPdoForSelect(true)
#9 D:\\laravel\\BTN-PTUDMNM-tcdt1\\vendor\\laravel\\framework\\src\\Illuminate\\Database\\Connection.php(705): Illuminate\\Database\\Connection->Illuminate\\Database\\{closure}('select * from `...', Array)
#10 D:\\laravel\\BTN-PTUDMNM-tcdt1\\vendor\\laravel\\framework\\src\\Illuminate\\Database\\Connection.php(672): Illuminate\\Database\\Connection->runQueryCallback('select * from `...', Array, Object(Closure))
#11 D:\\laravel\\BTN-PTUDMNM-tcdt1\\vendor\\laravel\\framework\\src\\Illuminate\\Database\\Connection.php(359): Illuminate\\Database\\Connection->run('select * from `...', Array, Object(Closure))
#12 D:\\laravel\\BTN-PTUDMNM-tcdt1\\vendor\\laravel\\framework\\src\\Illuminate\\Database\\Query\\Builder.php(2413): Illuminate\\Database\\Connection->select('select * from `...', Array, true)
#13 D:\\laravel\\BTN-PTUDMNM-tcdt1\\vendor\\laravel\\framework\\src\\Illuminate\\Database\\Query\\Builder.php(2402): Illuminate\\Database\\Query\\Builder->runSelect()
#14 D:\\laravel\\BTN-PTUDMNM-tcdt1\\vendor\\laravel\\framework\\src\\Illuminate\\Database\\Query\\Builder.php(2936): Illuminate\\Database\\Query\\Builder->Illuminate\\Database\\Query\\{closure}()
#15 D:\\laravel\\BTN-PTUDMNM-tcdt1\\vendor\\laravel\\framework\\src\\Illuminate\\Database\\Query\\Builder.php(2401): Illuminate\\Database\\Query\\Builder->onceWithColumns(Array, Object(Closure))
#16 D:\\laravel\\BTN-PTUDMNM-tcdt1\\vendor\\laravel\\framework\\src\\Illuminate\\Database\\Eloquent\\Builder.php(625): Illuminate\\Database\\Query\\Builder->get(Array)
#17 D:\\laravel\\BTN-PTUDMNM-tcdt1\\vendor\\laravel\\framework\\src\\Illuminate\\Database\\Eloquent\\Builder.php(609): Illuminate\\Database\\Eloquent\\Builder->getModels(Array)
#18 D:\\laravel\\BTN-PTUDMNM-tcdt1\\app\\Http\\Controllers\\HomeController.php(13): Illuminate\\Database\\Eloquent\\Builder->get()
#19 D:\\laravel\\BTN-PTUDMNM-tcdt1\\vendor\\laravel\\framework\\src\\Illuminate\\Routing\\Controller.php(54): App\\Http\\Controllers\\HomeController->index()
#20 D:\\laravel\\BTN-PTUDMNM-tcdt1\\vendor\\laravel\\framework\\src\\Illuminate\\Routing\\ControllerDispatcher.php(45): Illuminate\\Routing\\Controller->callAction('index', Array)
#21 D:\\laravel\\BTN-PTUDMNM-tcdt1\\vendor\\laravel\\framework\\src\\Illuminate\\Routing\\Route.php(261): Illuminate\\Routing\\ControllerDispatcher->dispatch(Object(Illuminate\\Routing\\Route), Object(App\\Http\\Controllers\\HomeController), 'index')
#22 D:\\laravel\\BTN-PTUDMNM-tcdt1\\vendor\\laravel\\framework\\src\\Illuminate\\Routing\\Route.php(205): Illuminate\\Routing\\Route->runController()
#23 D:\\laravel\\BTN-PTUDMNM-tcdt1\\vendor\\laravel\\framework\\src\\Illuminate\\Routing\\Router.php(721): Illuminate\\Routing\\Route->run()
#24 D:\\laravel\\BTN-PTUDMNM-tcdt1\\vendor\\laravel\\framework\\src\\Illuminate\\Pipeline\\Pipeline.php(128): Illuminate\\Routing\\Router->Illuminate\\Routing\\{closure}(Object(Illuminate\\Http\\Request))
#25 D:\\laravel\\BTN-PTUDMNM-tcdt1\\vendor\\laravel\\framework\\src\\Illuminate\\Routing\\Middleware\\SubstituteBindings.php(50): Illuminate\\Pipeline\\Pipeline->Illuminate\\Pipeline\\{closure}(Object(Illuminate\\Http\\Request))
#26 D:\\laravel\\BTN-PTUDMNM-tcdt1\\vendor\\laravel\\framework\\src\\Illuminate\\Pipeline\\Pipeline.php(167): Illuminate\\Routing\\Middleware\\SubstituteBindings->handle(Object(Illuminate\\Http\\Request), Object(Closure))
#27 D:\\laravel\\BTN-PTUDMNM-tcdt1\\vendor\\laravel\\framework\\src\\Illuminate\\Foundation\\Http\\Middleware\\VerifyCsrfToken.php(78): Illuminate\\Pipeline\\Pipeline->Illuminate\\Pipeline\\{closure}(Object(Illuminate\\Http\\Request))
#28 D:\\laravel\\BTN-PTUDMNM-tcdt1\\vendor\\laravel\\framework\\src\\Illuminate\\Pipeline\\Pipeline.php(167): Illuminate\\Foundation\\Http\\Middleware\\VerifyCsrfToken->handle(Object(Illuminate\\Http\\Request), Object(Closure))
#29 D:\\laravel\\BTN-PTUDMNM-tcdt1\\vendor\\laravel\\framework\\src\\Illuminate\\View\\Middleware\\ShareErrorsFromSession.php(49): Illuminate\\Pipeline\\Pipeline->Illuminate\\Pipeline\\{closure}(Object(Illuminate\\Http\\Request))
#30 D:\\laravel\\BTN-PTUDMNM-tcdt1\\vendor\\laravel\\framework\\src\\Illuminate\\Pipeline\\Pipeline.php(167): Illuminate\\View\\Middleware\\ShareErrorsFromSession->handle(Object(Illuminate\\Http\\Request), Object(Closure))
#31 D:\\laravel\\BTN-PTUDMNM-tcdt1\\vendor\\laravel\\framework\\src\\Illuminate\\Session\\Middleware\\StartSession.php(121): Illuminate\\Pipeline\\Pipeline->Illuminate\\Pipeline\\{closure}(Object(Illuminate\\Http\\Request))
#32 D:\\laravel\\BTN-PTUDMNM-tcdt1\\vendor\\laravel\\framework\\src\\Illuminate\\Session\\Middleware\\StartSession.php(64): Illuminate\\Session\\Middleware\\StartSession->handleStatefulRequest(Object(Illuminate\\Http\\Request), Object(Illuminate\\Session\\Store), Object(Closure))
#33 D:\\laravel\\BTN-PTUDMNM-tcdt1\\vendor\\laravel\\framework\\src\\Illuminate\\Pipeline\\Pipeline.php(167): Illuminate\\Session\\Middleware\\StartSession->handle(Object(Illuminate\\Http\\Request), Object(Closure))
#34 D:\\laravel\\BTN-PTUDMNM-tcdt1\\vendor\\laravel\\framework\\src\\Illuminate\\Cookie\\Middleware\\AddQueuedCookiesToResponse.php(37): Illuminate\\Pipeline\\Pipeline->Illuminate\\Pipeline\\{closure}(Object(Illuminate\\Http\\Request))
#35 D:\\laravel\\BTN-PTUDMNM-tcdt1\\vendor\\laravel\\framework\\src\\Illuminate\\Pipeline\\Pipeline.php(167): Illuminate\\Cookie\\Middleware\\AddQueuedCookiesToResponse->handle(Object(Illuminate\\Http\\Request), Object(Closure))
#36 D:\\laravel\\BTN-PTUDMNM-tcdt1\\vendor\\laravel\\framework\\src\\Illuminate\\Cookie\\Middleware\\EncryptCookies.php(67): Illuminate\\Pipeline\\Pipeline->Illuminate\\Pipeline\\{closure}(Object(Illuminate\\Http\\Request))
#37 D:\\laravel\\BTN-PTUDMNM-tcdt1\\vendor\\laravel\\framework\\src\\Illuminate\\Pipeline\\Pipeline.php(167): Illuminate\\Cookie\\Middleware\\EncryptCookies->handle(Object(Illuminate\\Http\\Request), Object(Closure))
#38 D:\\laravel\\BTN-PTUDMNM-tcdt1\\vendor\\laravel\\framework\\src\\Illuminate\\Pipeline\\Pipeline.php(103): Illuminate\\Pipeline\\Pipeline->Illuminate\\Pipeline\\{closure}(Object(Illuminate\\Http\\Request))
#39 D:\\laravel\\BTN-PTUDMNM-tcdt1\\vendor\\laravel\\framework\\src\\Illuminate\\Routing\\Router.php(719): Illuminate\\Pipeline\\Pipeline->then(Object(Closure))
#40 D:\\laravel\\BTN-PTUDMNM-tcdt1\\vendor\\laravel\\framework\\src\\Illuminate\\Routing\\Router.php(698): Illuminate\\Routing\\Router->runRouteWithinStack(Object(Illuminate\\Routing\\Route), Object(Illuminate\\Http\\Request))
#41 D:\\laravel\\BTN-PTUDMNM-tcdt1\\vendor\\laravel\\framework\\src\\Illuminate\\Routing\\Router.php(662): Illuminate\\Routing\\Router->runRoute(Object(Illuminate\\Http\\Request), Object(Illuminate\\Routing\\Route))
#42 D:\\laravel\\BTN-PTUDMNM-tcdt1\\vendor\\laravel\\framework\\src\\Illuminate\\Routing\\Router.php(651): Illuminate\\Routing\\Router->dispatchToRoute(Object(Illuminate\\Http\\Request))
#43 D:\\laravel\\BTN-PTUDMNM-tcdt1\\vendor\\laravel\\framework\\src\\Illuminate\\Foundation\\Http\\Kernel.php(167): Illuminate\\Routing\\Router->dispatch(Object(Illuminate\\Http\\Request))
#44 D:\\laravel\\BTN-PTUDMNM-tcdt1\\vendor\\laravel\\framework\\src\\Illuminate\\Pipeline\\Pipeline.php(128): Illuminate\\Foundation\\Http\\Kernel->Illuminate\\Foundation\\Http\\{closure}(Object(Illuminate\\Http\\Request))
#45 D:\\laravel\\BTN-PTUDMNM-tcdt1\\vendor\\laravel\\framework\\src\\Illuminate\\Foundation\\Http\\Middleware\\TransformsRequest.php(21): Illuminate\\Pipeline\\Pipeline->Illuminate\\Pipeline\\{closure}(Object(Illuminate\\Http\\Request))
#46 D:\\laravel\\BTN-PTUDMNM-tcdt1\\vendor\\laravel\\framework\\src\\Illuminate\\Foundation\\Http\\Middleware\\ConvertEmptyStringsToNull.php(31): Illuminate\\Foundation\\Http\\Middleware\\TransformsRequest->handle(Object(Illuminate\\Http\\Request), Object(Closure))
#47 D:\\laravel\\BTN-PTUDMNM-tcdt1\\vendor\\laravel\\framework\\src\\Illuminate\\Pipeline\\Pipeline.php(167): Illuminate\\Foundation\\Http\\Middleware\\ConvertEmptyStringsToNull->handle(Object(Illuminate\\Http\\Request), Object(Closure))
#48 D:\\laravel\\BTN-PTUDMNM-tcdt1\\vendor\\laravel\\framework\\src\\Illuminate\\Foundation\\Http\\Middleware\\TransformsRequest.php(21): Illuminate\\Pipeline\\Pipeline->Illuminate\\Pipeline\\{closure}(Object(Illuminate\\Http\\Request))
#49 D:\\laravel\\BTN-PTUDMNM-tcdt1\\vendor\\laravel\\framework\\src\\Illuminate\\Foundation\\Http\\Middleware\\TrimStrings.php(40): Illuminate\\Foundation\\Http\\Middleware\\TransformsRequest->handle(Object(Illuminate\\Http\\Request), Object(Closure))
#50 D:\\laravel\\BTN-PTUDMNM-tcdt1\\vendor\\laravel\\framework\\src\\Illuminate\\Pipeline\\Pipeline.php(167): Illuminate\\Foundation\\Http\\Middleware\\TrimStrings->handle(Object(Illuminate\\Http\\Request), Object(Closure))
#51 D:\\laravel\\BTN-PTUDMNM-tcdt1\\vendor\\laravel\\framework\\src\\Illuminate\\Foundation\\Http\\Middleware\\ValidatePostSize.php(27): Illuminate\\Pipeline\\Pipeline->Illuminate\\Pipeline\\{closure}(Object(Illuminate\\Http\\Request))
#52 D:\\laravel\\BTN-PTUDMNM-tcdt1\\vendor\\laravel\\framework\\src\\Illuminate\\Pipeline\\Pipeline.php(167): Illuminate\\Foundation\\Http\\Middleware\\ValidatePostSize->handle(Object(Illuminate\\Http\\Request), Object(Closure))
#53 D:\\laravel\\BTN-PTUDMNM-tcdt1\\vendor\\laravel\\framework\\src\\Illuminate\\Foundation\\Http\\Middleware\\PreventRequestsDuringMaintenance.php(86): Illuminate\\Pipeline\\Pipeline->Illuminate\\Pipeline\\{closure}(Object(Illuminate\\Http\\Request))
#54 D:\\laravel\\BTN-PTUDMNM-tcdt1\\vendor\\laravel\\framework\\src\\Illuminate\\Pipeline\\Pipeline.php(167): Illuminate\\Foundation\\Http\\Middleware\\PreventRequestsDuringMaintenance->handle(Object(Illuminate\\Http\\Request), Object(Closure))
#55 D:\\laravel\\BTN-PTUDMNM-tcdt1\\vendor\\laravel\\framework\\src\\Illuminate\\Http\\Middleware\\TrustProxies.php(39): Illuminate\\Pipeline\\Pipeline->Illuminate\\Pipeline\\{closure}(Object(Illuminate\\Http\\Request))
#56 D:\\laravel\\BTN-PTUDMNM-tcdt1\\vendor\\laravel\\framework\\src\\Illuminate\\Pipeline\\Pipeline.php(167): Illuminate\\Http\\Middleware\\TrustProxies->handle(Object(Illuminate\\Http\\Request), Object(Closure))
#57 D:\\laravel\\BTN-PTUDMNM-tcdt1\\vendor\\laravel\\framework\\src\\Illuminate\\Pipeline\\Pipeline.php(103): Illuminate\\Pipeline\\Pipeline->Illuminate\\Pipeline\\{closure}(Object(Illuminate\\Http\\Request))
#58 D:\\laravel\\BTN-PTUDMNM-tcdt1\\vendor\\laravel\\framework\\src\\Illuminate\\Foundation\\Http\\Kernel.php(142): Illuminate\\Pipeline\\Pipeline->then(Object(Closure))
#59 D:\\laravel\\BTN-PTUDMNM-tcdt1\\vendor\\laravel\\framework\\src\\Illuminate\\Foundation\\Http\\Kernel.php(111): Illuminate\\Foundation\\Http\\Kernel->sendRequestThroughRouter(Object(Illuminate\\Http\\Request))
#60 D:\\laravel\\BTN-PTUDMNM-tcdt1\\public\\index.php(51): Illuminate\\Foundation\\Http\\Kernel->handle(Object(Illuminate\\Http\\Request))
#61 D:\\laravel\\BTN-PTUDMNM-tcdt1\\server.php(21): require_once('D:\\\\laravel\\\\BTN-...')
#62 {main}
"} 
